"","city_name","day","api","pollutant","yd","year","month","date","_merge1","prov","_merge2"
"1","Nantong","1/1/06",59,"PM10",16802,2006,1,1,1,32,1
"2","Nantong","2/1/06",49,"--",16803,2006,1,2,1,32,1
"3","Nantong","3/1/06",54,"PM10",16804,2006,1,3,1,32,1
"4","Nantong","4/1/06",82,"PM10",16805,2006,1,4,1,32,1
"5","Nantong","5/1/06",110,"PM10",16806,2006,1,5,1,32,1
"6","Nantong","6/1/06",73,"PM10",16807,2006,1,6,1,32,1
"7","Nantong","7/1/06",52,"PM10",16808,2006,1,7,1,32,1
"8","Nantong","8/1/06",63,"PM10",16809,2006,1,8,1,32,1
"9","Nantong","9/1/06",60,"PM10",16810,2006,1,9,1,32,1
"10","Nantong","10/1/06",35,"--",16811,2006,1,10,1,32,1
"11","Nantong","11/1/06",88,"PM10",16812,2006,1,11,1,32,1
"12","Nantong","12/1/06",99,"PM10",16813,2006,1,12,1,32,1
"13","Nantong","1/2/06",78,"PM10",16833,2006,2,1,1,32,1
"14","Nantong","2/2/06",67,"PM10",16834,2006,2,2,1,32,1
"15","Nantong","3/2/06",100,"PM10",16835,2006,2,3,1,32,1
"16","Nantong","4/2/06",77,"PM10",16836,2006,2,4,1,32,1
"17","Nantong","5/2/06",71,"PM10",16837,2006,2,5,1,32,1
"18","Nantong","6/2/06",52,"PM10",16838,2006,2,6,1,32,1
"19","Nantong","7/2/06",52,"PM10",16839,2006,2,7,1,32,1
"20","Nantong","8/2/06",56,"PM10",16840,2006,2,8,1,32,1
"21","Nantong","9/2/06",61,"PM10",16841,2006,2,9,1,32,1
"22","Nantong","10/2/06",51,"PM10",16842,2006,2,10,1,32,1
"23","Nantong","11/2/06",113,"PM10",16843,2006,2,11,1,32,1
"24","Nantong","12/2/06",87,"PM10",16844,2006,2,12,1,32,1
"25","Nantong","1/3/06",87,"PM10",16861,2006,3,1,1,32,1
"26","Nantong","2/3/06",50,"--",16862,2006,3,2,1,32,1
"27","Nantong","3/3/06",83,"PM10",16863,2006,3,3,1,32,1
"28","Nantong","4/3/06",77,"PM10",16864,2006,3,4,1,32,1
"29","Nantong","5/3/06",58,"PM10",16865,2006,3,5,1,32,1
"30","Nantong","6/3/06",72,"PM10",16866,2006,3,6,1,32,1
"31","Nantong","7/3/06",48,"--",16867,2006,3,7,1,32,1
"32","Nantong","8/3/06",50,"--",16868,2006,3,8,1,32,1
"33","Nantong","9/3/06",42,"--",16869,2006,3,9,1,32,1
"34","Nantong","10/3/06",53,"PM10",16870,2006,3,10,1,32,1
"35","Nantong","11/3/06",111,"PM10",16871,2006,3,11,1,32,1
"36","Nantong","12/3/06",50,"--",16872,2006,3,12,1,32,1
"37","Nantong","1/4/06",32,"--",16892,2006,4,1,1,32,1
"38","Nantong","2/4/06",35,"--",16893,2006,4,2,1,32,1
"39","Nantong","3/4/06",68,"PM10",16894,2006,4,3,1,32,1
"40","Nantong","4/4/06",90,"PM10",16895,2006,4,4,1,32,1
"41","Nantong","5/4/06",62,"PM10",16896,2006,4,5,1,32,1
"42","Nantong","6/4/06",103,"PM10",16897,2006,4,6,1,32,1
"43","Nantong","7/4/06",60,"PM10",16898,2006,4,7,1,32,1
"44","Nantong","8/4/06",34,"--",16899,2006,4,8,1,32,1
"45","Nantong","9/4/06",28,"--",16900,2006,4,9,1,32,1
"46","Nantong","10/4/06",59,"PM10",16901,2006,4,10,1,32,1
"47","Nantong","11/4/06",155,"PM10",16902,2006,4,11,1,32,1
"48","Nantong","12/4/06",61,"PM10",16903,2006,4,12,1,32,1
"49","Nantong","1/5/06",23,"--",16922,2006,5,1,1,32,1
"50","Nantong","2/5/06",33,"--",16923,2006,5,2,1,32,1
"51","Nantong","3/5/06",112,"PM10",16924,2006,5,3,1,32,1
"52","Nantong","4/5/06",41,"--",16925,2006,5,4,1,32,1
"53","Nantong","5/5/06",77,"PM10",16926,2006,5,5,1,32,1
"54","Nantong","6/5/06",69,"PM10",16927,2006,5,6,1,32,1
"55","Nantong","7/5/06",51,"PM10",16928,2006,5,7,1,32,1
"56","Nantong","8/5/06",30,"--",16929,2006,5,8,1,32,1
"57","Nantong","9/5/06",31,"--",16930,2006,5,9,1,32,1
"58","Nantong","10/5/06",89,"PM10",16931,2006,5,10,1,32,1
"59","Nantong","11/5/06",135,"PM10",16932,2006,5,11,1,32,1
"60","Nantong","12/5/06",67,"PM10",16933,2006,5,12,1,32,1
"61","Nantong","1/6/06",59,"PM10",16953,2006,6,1,1,32,1
"62","Nantong","2/6/06",41,"--",16954,2006,6,2,1,32,1
"63","Nantong","3/6/06",146,"PM10",16955,2006,6,3,1,32,1
"64","Nantong","4/6/06",62,"PM10",16956,2006,6,4,1,32,1
"65","Nantong","5/6/06",60,"PM10",16957,2006,6,5,1,32,1
"66","Nantong","6/6/06",78,"PM10",16958,2006,6,6,1,32,1
"67","Nantong","7/6/06",61,"PM10",16959,2006,6,7,1,32,1
"68","Nantong","8/6/06",45,"--",16960,2006,6,8,1,32,1
"69","Nantong","9/6/06",27,"--",16961,2006,6,9,1,32,1
"70","Nantong","10/6/06",83,"PM10",16962,2006,6,10,1,32,1
"71","Nantong","11/6/06",142,"PM10",16963,2006,6,11,1,32,1
"72","Nantong","12/6/06",61,"PM10",16964,2006,6,12,1,32,1
"73","Nantong","1/7/06",74,"PM10",16983,2006,7,1,1,32,1
"74","Nantong","2/7/06",74,"PM10",16984,2006,7,2,1,32,1
"75","Nantong","3/7/06",85,"PM10",16985,2006,7,3,1,32,1
"76","Nantong","4/7/06",94,"PM10",16986,2006,7,4,1,32,1
"77","Nantong","5/7/06",74,"PM10",16987,2006,7,5,1,32,1
"78","Nantong","6/7/06",67,"PM10",16988,2006,7,6,1,32,1
"79","Nantong","7/7/06",90,"PM10",16989,2006,7,7,1,32,1
"80","Nantong","8/7/06",40,"--",16990,2006,7,8,1,32,1
"81","Nantong","9/7/06",53,"PM10",16991,2006,7,9,1,32,1
"82","Nantong","10/7/06",60,"PM10",16992,2006,7,10,1,32,1
"83","Nantong","11/7/06",95,"PM10",16993,2006,7,11,1,32,1
"84","Nantong","12/7/06",62,"PM10",16994,2006,7,12,1,32,1
"85","Nantong","1/8/06",92,"PM10",17014,2006,8,1,1,32,1
"86","Nantong","2/8/06",57,"PM10",17015,2006,8,2,1,32,1
"87","Nantong","3/8/06",81,"PM10",17016,2006,8,3,1,32,1
"88","Nantong","4/8/06",115,"PM10",17017,2006,8,4,1,32,1
"89","Nantong","5/8/06",40,"--",17018,2006,8,5,1,32,1
"90","Nantong","6/8/06",29,"--",17019,2006,8,6,1,32,1
"91","Nantong","7/8/06",59,"PM10",17020,2006,8,7,1,32,1
"92","Nantong","8/8/06",30,"--",17021,2006,8,8,1,32,1
"93","Nantong","9/8/06",45,"--",17022,2006,8,9,1,32,1
"94","Nantong","10/8/06",54,"PM10",17023,2006,8,10,1,32,1
"95","Nantong","11/8/06",84,"PM10",17024,2006,8,11,1,32,1
"96","Nantong","12/8/06",42,"--",17025,2006,8,12,1,32,1
"97","Nantong","1/9/06",123,"PM10",17045,2006,9,1,1,32,1
"98","Nantong","2/9/06",43,"--",17046,2006,9,2,1,32,1
"99","Nantong","3/9/06",53,"PM10",17047,2006,9,3,1,32,1
"100","Nantong","4/9/06",79,"PM10",17048,2006,9,4,1,32,1
"101","Nantong","5/9/06",33,"--",17049,2006,9,5,1,32,1
"102","Nantong","6/9/06",68,"PM10",17050,2006,9,6,1,32,1
"103","Nantong","7/9/06",28,"--",17051,2006,9,7,1,32,1
"104","Nantong","8/9/06",31,"--",17052,2006,9,8,1,32,1
"105","Nantong","9/9/06",39,"--",17053,2006,9,9,1,32,1
"106","Nantong","10/9/06",62,"PM10",17054,2006,9,10,1,32,1
"107","Nantong","11/9/06",123,"PM10",17055,2006,9,11,1,32,1
"108","Nantong","12/9/06",42,"--",17056,2006,9,12,1,32,1
"109","Nantong","1/10/06",129,"PM10",17075,2006,10,1,1,32,1
"110","Nantong","2/10/06",82,"PM10",17076,2006,10,2,1,32,1
"111","Nantong","3/10/06",97,"PM10",17077,2006,10,3,1,32,1
"112","Nantong","4/10/06",69,"PM10",17078,2006,10,4,1,32,1
"113","Nantong","5/10/06",29,"--",17079,2006,10,5,1,32,1
"114","Nantong","6/10/06",124,"PM10",17080,2006,10,6,1,32,1
"115","Nantong","7/10/06",25,"--",17081,2006,10,7,1,32,1
"116","Nantong","8/10/06",37,"--",17082,2006,10,8,1,32,1
"117","Nantong","9/10/06",40,"--",17083,2006,10,9,1,32,1
"118","Nantong","10/10/06",67,"PM10",17084,2006,10,10,1,32,1
"119","Nantong","11/10/06",229,"PM10",17085,2006,10,11,1,32,1
"120","Nantong","12/10/06",72,"PM10",17086,2006,10,12,1,32,1
"121","Nantong","1/11/06",104,"PM10",17106,2006,11,1,1,32,1
"122","Nantong","2/11/06",86,"PM10",17107,2006,11,2,1,32,1
"123","Nantong","3/11/06",138,"PM10",17108,2006,11,3,1,32,1
"124","Nantong","4/11/06",86,"PM10",17109,2006,11,4,1,32,1
"125","Nantong","5/11/06",53,"PM10",17110,2006,11,5,1,32,1
"126","Nantong","6/11/06",111,"PM10",17111,2006,11,6,1,32,1
"127","Nantong","7/11/06",44,"--",17112,2006,11,7,1,32,1
"128","Nantong","8/11/06",26,"--",17113,2006,11,8,1,32,1
"129","Nantong","9/11/06",42,"--",17114,2006,11,9,1,32,1
"130","Nantong","10/11/06",87,"PM10",17115,2006,11,10,1,32,1
"131","Nantong","11/11/06",134,"PM10",17116,2006,11,11,1,32,1
"132","Nantong","12/11/06",85,"PM10",17117,2006,11,12,1,32,1
"133","Nantong","1/12/06",55,"PM10",17136,2006,12,1,1,32,1
"134","Nantong","2/12/06",91,"PM10",17137,2006,12,2,1,32,1
"135","Nantong","3/12/06",87,"PM10",17138,2006,12,3,1,32,1
"136","Nantong","4/12/06",55,"PM10",17139,2006,12,4,1,32,1
"137","Nantong","5/12/06",45,"--",17140,2006,12,5,1,32,1
"138","Nantong","6/12/06",70,"PM10",17141,2006,12,6,1,32,1
"139","Nantong","7/12/06",62,"PM10",17142,2006,12,7,1,32,1
"140","Nantong","8/12/06",40,"--",17143,2006,12,8,1,32,1
"141","Nantong","9/12/06",36,"--",17144,2006,12,9,1,32,1
"142","Nantong","10/12/06",80,"PM10",17145,2006,12,10,1,32,1
"143","Nantong","11/12/06",50,"--",17146,2006,12,11,1,32,1
"144","Nantong","12/12/06",113,"PM10",17147,2006,12,12,1,32,1
"145","Nantong","1/1/07",58,"PM10",17167,2007,1,1,1,32,1
"146","Nantong","2/1/07",53,"PM10",17168,2007,1,2,1,32,1
"147","Nantong","3/1/07",42,"--",17169,2007,1,3,1,32,1
"148","Nantong","4/1/07",104,"PM10",17170,2007,1,4,1,32,1
"149","Nantong","5/1/07",63,"PM10",17171,2007,1,5,1,32,1
"150","Nantong","6/1/07",63,"PM10",17172,2007,1,6,1,32,1
"151","Nantong","7/1/07",56,"PM10",17173,2007,1,7,1,32,1
"152","Nantong","8/1/07",91,"PM10",17174,2007,1,8,1,32,1
"153","Nantong","9/1/07",54,"PM10",17175,2007,1,9,1,32,1
"154","Nantong","10/1/07",46,"--",17176,2007,1,10,1,32,1
"155","Nantong","11/1/07",37,"--",17177,2007,1,11,1,32,1
"156","Nantong","12/1/07",60,"PM10",17178,2007,1,12,1,32,1
"157","Nantong","1/2/07",76,"PM10",17198,2007,2,1,1,32,1
"158","Nantong","2/2/07",79,"PM10",17199,2007,2,2,1,32,1
"159","Nantong","3/2/07",55,"SO2",17200,2007,2,3,1,32,1
"160","Nantong","4/2/07",158,"PM10",17201,2007,2,4,1,32,1
"161","Nantong","5/2/07",58,"PM10",17202,2007,2,5,1,32,1
"162","Nantong","6/2/07",21,"--",17203,2007,2,6,1,32,1
"163","Nantong","7/2/07",42,"--",17204,2007,2,7,1,32,1
"164","Nantong","8/2/07",98,"PM10",17205,2007,2,8,1,32,1
"165","Nantong","9/2/07",24,"--",17206,2007,2,9,1,32,1
"166","Nantong","10/2/07",36,"--",17207,2007,2,10,1,32,1
"167","Nantong","11/2/07",70,"PM10",17208,2007,2,11,1,32,1
"168","Nantong","12/2/07",85,"PM10",17209,2007,2,12,1,32,1
"169","Nantong","1/3/07",71,"PM10",17226,2007,3,1,1,32,1
"170","Nantong","2/3/07",85,"PM10",17227,2007,3,2,1,32,1
"171","Nantong","3/3/07",44,"--",17228,2007,3,3,1,32,1
"172","Nantong","4/3/07",159,"PM10",17229,2007,3,4,1,32,1
"173","Nantong","5/3/07",90,"PM10",17230,2007,3,5,1,32,1
"174","Nantong","6/3/07",40,"--",17231,2007,3,6,1,32,1
"175","Nantong","7/3/07",55,"PM10",17232,2007,3,7,1,32,1
"176","Nantong","8/3/07",70,"PM10",17233,2007,3,8,1,32,1
"177","Nantong","9/3/07",39,"--",17234,2007,3,9,1,32,1
"178","Nantong","10/3/07",44,"--",17235,2007,3,10,1,32,1
"179","Nantong","11/3/07",91,"PM10",17236,2007,3,11,1,32,1
"180","Nantong","12/3/07",76,"PM10",17237,2007,3,12,1,32,1
"181","Nantong","1/4/07",78,"PM10",17257,2007,4,1,1,32,1
"182","Nantong","2/4/07",154,"PM10",17258,2007,4,2,1,32,1
"183","Nantong","3/4/07",42,"--",17259,2007,4,3,1,32,1
"184","Nantong","4/4/07",77,"PM10",17260,2007,4,4,1,32,1
"185","Nantong","5/4/07",115,"PM10",17261,2007,4,5,1,32,1
"186","Nantong","6/4/07",78,"PM10",17262,2007,4,6,1,32,1
"187","Nantong","7/4/07",42,"--",17263,2007,4,7,1,32,1
"188","Nantong","8/4/07",74,"PM10",17264,2007,4,8,1,32,1
"189","Nantong","9/4/07",21,"--",17265,2007,4,9,1,32,1
"190","Nantong","10/4/07",52,"PM10",17266,2007,4,10,1,32,1
"191","Nantong","11/4/07",113,"PM10",17267,2007,4,11,1,32,1
"192","Nantong","12/4/07",123,"PM10",17268,2007,4,12,1,32,1
"193","Nantong","1/5/07",89,"PM10",17287,2007,5,1,1,32,1
"194","Nantong","2/5/07",85,"PM10",17288,2007,5,2,1,32,1
"195","Nantong","3/5/07",42,"--",17289,2007,5,3,1,32,1
"196","Nantong","4/5/07",70,"PM10",17290,2007,5,4,1,32,1
"197","Nantong","5/5/07",147,"PM10",17291,2007,5,5,1,32,1
"198","Nantong","6/5/07",96,"PM10",17292,2007,5,6,1,32,1
"199","Nantong","7/5/07",57,"PM10",17293,2007,5,7,1,32,1
"200","Nantong","8/5/07",83,"PM10",17294,2007,5,8,1,32,1
"201","Nantong","9/5/07",33,"--",17295,2007,5,9,1,32,1
"202","Nantong","10/5/07",46,"--",17296,2007,5,10,1,32,1
"203","Nantong","11/5/07",67,"PM10",17297,2007,5,11,1,32,1
"204","Nantong","12/5/07",48,"--",17298,2007,5,12,1,32,1
"205","Nantong","1/6/07",123,"PM10",17318,2007,6,1,1,32,1
"206","Nantong","2/6/07",132,"PM10",17319,2007,6,2,1,32,1
"207","Nantong","3/6/07",44,"--",17320,2007,6,3,1,32,1
"208","Nantong","4/6/07",78,"PM10",17321,2007,6,4,1,32,1
"209","Nantong","5/6/07",88,"PM10",17322,2007,6,5,1,32,1
"210","Nantong","6/6/07",30,"--",17323,2007,6,6,1,32,1
"211","Nantong","7/6/07",74,"PM10",17324,2007,6,7,1,32,1
"212","Nantong","8/6/07",46,"--",17325,2007,6,8,1,32,1
"213","Nantong","9/6/07",40,"--",17326,2007,6,9,1,32,1
"214","Nantong","10/6/07",53,"PM10",17327,2007,6,10,1,32,1
"215","Nantong","11/6/07",54,"PM10",17328,2007,6,11,1,32,1
"216","Nantong","12/6/07",56,"PM10",17329,2007,6,12,1,32,1
"217","Nantong","1/7/07",92,"PM10",17348,2007,7,1,1,32,1
"218","Nantong","2/7/07",88,"PM10",17349,2007,7,2,1,32,1
"219","Nantong","3/7/07",51,"PM10",17350,2007,7,3,1,32,1
"220","Nantong","4/7/07",89,"PM10",17351,2007,7,4,1,32,1
"221","Nantong","5/7/07",103,"PM10",17352,2007,7,5,1,32,1
"222","Nantong","6/7/07",52,"PM10",17353,2007,7,6,1,32,1
"223","Nantong","7/7/07",46,"--",17354,2007,7,7,1,32,1
"224","Nantong","8/7/07",49,"--",17355,2007,7,8,1,32,1
"225","Nantong","9/7/07",39,"--",17356,2007,7,9,1,32,1
"226","Nantong","10/7/07",38,"--",17357,2007,7,10,1,32,1
"227","Nantong","11/7/07",82,"PM10",17358,2007,7,11,1,32,1
"228","Nantong","12/7/07",78,"PM10",17359,2007,7,12,1,32,1
"229","Nantong","1/8/07",77,"PM10",17379,2007,8,1,1,32,1
"230","Nantong","2/8/07",77,"PM10",17380,2007,8,2,1,32,1
"231","Nantong","3/8/07",67,"PM10",17381,2007,8,3,1,32,1
"232","Nantong","4/8/07",81,"PM10",17382,2007,8,4,1,32,1
"233","Nantong","5/8/07",85,"PM10",17383,2007,8,5,1,32,1
"234","Nantong","6/8/07",55,"PM10",17384,2007,8,6,1,32,1
"235","Nantong","7/8/07",28,"--",17385,2007,8,7,1,32,1
"236","Nantong","8/8/07",44,"--",17386,2007,8,8,1,32,1
"237","Nantong","9/8/07",61,"PM10",17387,2007,8,9,1,32,1
"238","Nantong","10/8/07",14,"--",17388,2007,8,10,1,32,1
"239","Nantong","11/8/07",80,"PM10",17389,2007,8,11,1,32,1
"240","Nantong","12/8/07",71,"PM10",17390,2007,8,12,1,32,1
"241","Nantong","1/9/07",84,"PM10",17410,2007,9,1,1,32,1
"242","Nantong","2/9/07",62,"PM10",17411,2007,9,2,1,32,1
"243","Nantong","3/9/07",76,"PM10",17412,2007,9,3,1,32,1
"244","Nantong","4/9/07",70,"PM10",17413,2007,9,4,1,32,1
"245","Nantong","5/9/07",91,"PM10",17414,2007,9,5,1,32,1
"246","Nantong","6/9/07",69,"PM10",17415,2007,9,6,1,32,1
"247","Nantong","7/9/07",48,"--",17416,2007,9,7,1,32,1
"248","Nantong","8/9/07",44,"--",17417,2007,9,8,1,32,1
"249","Nantong","9/9/07",68,"PM10",17418,2007,9,9,1,32,1
"250","Nantong","10/9/07",28,"--",17419,2007,9,10,1,32,1
"251","Nantong","11/9/07",117,"PM10",17420,2007,9,11,1,32,1
"252","Nantong","12/9/07",68,"PM10",17421,2007,9,12,1,32,1
"253","Nantong","1/10/07",101,"PM10",17440,2007,10,1,1,32,1
"254","Nantong","2/10/07",133,"PM10",17441,2007,10,2,1,32,1
"255","Nantong","3/10/07",63,"PM10",17442,2007,10,3,1,32,1
"256","Nantong","4/10/07",67,"PM10",17443,2007,10,4,1,32,1
"257","Nantong","5/10/07",59,"PM10",17444,2007,10,5,1,32,1
"258","Nantong","6/10/07",62,"PM10",17445,2007,10,6,1,32,1
"259","Nantong","7/10/07",37,"--",17446,2007,10,7,1,32,1
"260","Nantong","8/10/07",43,"--",17447,2007,10,8,1,32,1
"261","Nantong","9/10/07",68,"PM10",17448,2007,10,9,1,32,1
"262","Nantong","10/10/07",44,"--",17449,2007,10,10,1,32,1
"263","Nantong","11/10/07",66,"PM10",17450,2007,10,11,1,32,1
"264","Nantong","12/10/07",44,"--",17451,2007,10,12,1,32,1
"265","Nantong","1/11/07",76,"PM10",17471,2007,11,1,1,32,1
"266","Nantong","2/11/07",55,"PM10",17472,2007,11,2,1,32,1
"267","Nantong","3/11/07",55,"PM10",17473,2007,11,3,1,32,1
"268","Nantong","4/11/07",85,"PM10",17474,2007,11,4,1,32,1
"269","Nantong","5/11/07",53,"PM10",17475,2007,11,5,1,32,1
"270","Nantong","6/11/07",44,"--",17476,2007,11,6,1,32,1
"271","Nantong","7/11/07",77,"PM10",17477,2007,11,7,1,32,1
"272","Nantong","8/11/07",23,"--",17478,2007,11,8,1,32,1
"273","Nantong","9/11/07",59,"PM10",17479,2007,11,9,1,32,1
"274","Nantong","10/11/07",50,"--",17480,2007,11,10,1,32,1
"275","Nantong","11/11/07",67,"PM10",17481,2007,11,11,1,32,1
"276","Nantong","12/11/07",104,"PM10",17482,2007,11,12,1,32,1
"277","Nantong","1/12/07",61,"PM10",17501,2007,12,1,1,32,1
"278","Nantong","2/12/07",63,"PM10",17502,2007,12,2,1,32,1
"279","Nantong","3/12/07",40,"--",17503,2007,12,3,1,32,1
"280","Nantong","4/12/07",74,"PM10",17504,2007,12,4,1,32,1
"281","Nantong","5/12/07",69,"PM10",17505,2007,12,5,1,32,1
"282","Nantong","6/12/07",38,"--",17506,2007,12,6,1,32,1
"283","Nantong","7/12/07",84,"PM10",17507,2007,12,7,1,32,1
"284","Nantong","8/12/07",28,"--",17508,2007,12,8,1,32,1
"285","Nantong","9/12/07",59,"PM10",17509,2007,12,9,1,32,1
"286","Nantong","10/12/07",58,"PM10",17510,2007,12,10,1,32,1
"287","Nantong","11/12/07",100,"PM10",17511,2007,12,11,1,32,1
"288","Nantong","12/12/07",85,"PM10",17512,2007,12,12,1,32,1
"289","Nantong","1/1/08",79,"PM10",17532,2008,1,1,1,32,1
"290","Nantong","2/1/08",80,"PM10",17533,2008,1,2,1,32,1
"291","Nantong","3/1/08",119,"PM10",17534,2008,1,3,1,32,1
"292","Nantong","4/1/08",62,"PM10",17535,2008,1,4,1,32,1
"293","Nantong","5/1/08",69,"PM10",17536,2008,1,5,1,32,1
"294","Nantong","6/1/08",100,"PM10",17537,2008,1,6,1,32,1
"295","Nantong","7/1/08",70,"PM10",17538,2008,1,7,1,32,1
"296","Nantong","8/1/08",40,"--",17539,2008,1,8,1,32,1
"297","Nantong","9/1/08",62,"PM10",17540,2008,1,9,1,32,1
"298","Nantong","10/1/08",64,"PM10",17541,2008,1,10,1,32,1
"299","Nantong","11/1/08",98,"PM10",17542,2008,1,11,1,32,1
"300","Nantong","12/1/08",76,"PM10",17543,2008,1,12,1,32,1
"301","Nantong","1/2/08",71,"PM10",17563,2008,2,1,1,32,1
"302","Nantong","2/2/08",64,"PM10",17564,2008,2,2,1,32,1
"303","Nantong","3/2/08",139,"PM10",17565,2008,2,3,1,32,1
"304","Nantong","4/2/08",86,"PM10",17566,2008,2,4,1,32,1
"305","Nantong","5/2/08",61,"PM10",17567,2008,2,5,1,32,1
"306","Nantong","6/2/08",131,"PM10",17568,2008,2,6,1,32,1
"307","Nantong","7/2/08",68,"PM10",17569,2008,2,7,1,32,1
"308","Nantong","8/2/08",55,"PM10",17570,2008,2,8,1,32,1
"309","Nantong","9/2/08",58,"PM10",17571,2008,2,9,1,32,1
"310","Nantong","10/2/08",80,"PM10",17572,2008,2,10,1,32,1
"311","Nantong","11/2/08",88,"PM10",17573,2008,2,11,1,32,1
"312","Nantong","12/2/08",121,"PM10",17574,2008,2,12,1,32,1
"313","Nantong","1/3/08",98,"PM10",17592,2008,3,1,1,32,1
"314","Nantong","2/3/08",97,"PM10",17593,2008,3,2,1,32,1
"315","Nantong","3/3/08",125,"PM10",17594,2008,3,3,1,32,1
"316","Nantong","4/3/08",117,"PM10",17595,2008,3,4,1,32,1
"317","Nantong","5/3/08",62,"PM10",17596,2008,3,5,1,32,1
"318","Nantong","6/3/08",93,"PM10",17597,2008,3,6,1,32,1
"319","Nantong","7/3/08",58,"PM10",17598,2008,3,7,1,32,1
"320","Nantong","8/3/08",83,"PM10",17599,2008,3,8,1,32,1
"321","Nantong","9/3/08",77,"PM10",17600,2008,3,9,1,32,1
"322","Nantong","10/3/08",70,"PM10",17601,2008,3,10,1,32,1
"323","Nantong","11/3/08",59,"PM10",17602,2008,3,11,1,32,1
"324","Nantong","12/3/08",115,"PM10",17603,2008,3,12,1,32,1
"325","Nantong","1/4/08",122,"PM10",17623,2008,4,1,1,32,1
"326","Nantong","2/4/08",119,"PM10",17624,2008,4,2,1,32,1
"327","Nantong","3/4/08",82,"PM10",17625,2008,4,3,1,32,1
"328","Nantong","4/4/08",95,"PM10",17626,2008,4,4,1,32,1
"329","Nantong","5/4/08",63,"PM10",17627,2008,4,5,1,32,1
"330","Nantong","7/4/08",84,"PM10",17629,2008,4,7,1,32,1
"331","Nantong","8/4/08",72,"PM10",17630,2008,4,8,1,32,1
"332","Nantong","9/4/08",62,"PM10",17631,2008,4,9,1,32,1
"333","Nantong","10/4/08",55,"PM10",17632,2008,4,10,1,32,1
"334","Nantong","11/4/08",116,"PM10",17633,2008,4,11,1,32,1
"335","Nantong","12/4/08",100,"PM10",17634,2008,4,12,1,32,1
"336","Nantong","1/5/08",101,"PM10",17653,2008,5,1,1,32,1
"337","Nantong","2/5/08",124,"PM10",17654,2008,5,2,1,32,1
"338","Nantong","3/5/08",68,"PM10",17655,2008,5,3,1,32,1
"339","Nantong","4/5/08",63,"PM10",17656,2008,5,4,1,32,1
"340","Nantong","5/5/08",55,"PM10",17657,2008,5,5,1,32,1
"341","Nantong","6/5/08",82,"PM10",17658,2008,5,6,1,32,1
"342","Nantong","7/5/08",82,"PM10",17659,2008,5,7,1,32,1
"343","Nantong","8/5/08",51,"PM10",17660,2008,5,8,1,32,1
"344","Nantong","9/5/08",53,"PM10",17661,2008,5,9,1,32,1
"345","Nantong","10/5/08",42,"--",17662,2008,5,10,1,32,1
"346","Nantong","11/5/08",96,"PM10",17663,2008,5,11,1,32,1
"347","Nantong","12/5/08",83,"PM10",17664,2008,5,12,1,32,1
"348","Nantong","1/6/08",118,"PM10",17684,2008,6,1,1,32,1
"349","Nantong","2/6/08",99,"PM10",17685,2008,6,2,1,32,1
"350","Nantong","3/6/08",65,"PM10",17686,2008,6,3,1,32,1
"351","Nantong","4/6/08",51,"PM10",17687,2008,6,4,1,32,1
"352","Nantong","5/6/08",73,"PM10",17688,2008,6,5,1,32,1
"353","Nantong","6/6/08",113,"PM10",17689,2008,6,6,1,32,1
"354","Nantong","7/6/08",88,"PM10",17690,2008,6,7,1,32,1
"355","Nantong","8/6/08",38,"--",17691,2008,6,8,1,32,1
"356","Nantong","9/6/08",36,"--",17692,2008,6,9,1,32,1
"357","Nantong","10/6/08",79,"PM10",17693,2008,6,10,1,32,1
"358","Nantong","11/6/08",139,"PM10",17694,2008,6,11,1,32,1
"359","Nantong","12/6/08",65,"PM10",17695,2008,6,12,1,32,1
"360","Nantong","1/7/08",156,"PM10",17714,2008,7,1,1,32,1
"361","Nantong","2/7/08",95,"PM10",17715,2008,7,2,1,32,1
"362","Nantong","3/7/08",57,"PM10",17716,2008,7,3,1,32,1
"363","Nantong","4/7/08",128,"PM10",17717,2008,7,4,1,32,1
"364","Nantong","5/7/08",86,"PM10",17718,2008,7,5,1,32,1
"365","Nantong","6/7/08",124,"PM10",17719,2008,7,6,1,32,1
"366","Nantong","7/7/08",75,"PM10",17720,2008,7,7,1,32,1
"367","Nantong","8/7/08",30,"--",17721,2008,7,8,1,32,1
"368","Nantong","9/7/08",36,"--",17722,2008,7,9,1,32,1
"369","Nantong","10/7/08",69,"PM10",17723,2008,7,10,1,32,1
"370","Nantong","11/7/08",127,"PM10",17724,2008,7,11,1,32,1
"371","Nantong","12/7/08",72,"PM10",17725,2008,7,12,1,32,1
"372","Nantong","1/8/08",153,"PM10",17745,2008,8,1,1,32,1
"373","Nantong","2/8/08",73,"PM10",17746,2008,8,2,1,32,1
"374","Nantong","3/8/08",58,"PM10",17747,2008,8,3,1,32,1
"375","Nantong","4/8/08",102,"PM10",17748,2008,8,4,1,32,1
"376","Nantong","5/8/08",74,"PM10",17749,2008,8,5,1,32,1
"377","Nantong","6/8/08",114,"PM10",17750,2008,8,6,1,32,1
"378","Nantong","7/8/08",56,"PM10",17751,2008,8,7,1,32,1
"379","Nantong","8/8/08",35,"--",17752,2008,8,8,1,32,1
"380","Nantong","9/8/08",41,"--",17753,2008,8,9,1,32,1
"381","Nantong","10/8/08",52,"PM10",17754,2008,8,10,1,32,1
"382","Nantong","11/8/08",27,"--",17755,2008,8,11,1,32,1
"383","Nantong","12/8/08",100,"PM10",17756,2008,8,12,1,32,1
"384","Nantong","1/9/08",114,"PM10",17776,2008,9,1,1,32,1
"385","Nantong","2/9/08",87,"PM10",17777,2008,9,2,1,32,1
"386","Nantong","3/9/08",42,"--",17778,2008,9,3,1,32,1
"387","Nantong","4/9/08",52,"PM10",17779,2008,9,4,1,32,1
"388","Nantong","5/9/08",24,"--",17780,2008,9,5,1,32,1
"389","Nantong","6/9/08",98,"PM10",17781,2008,9,6,1,32,1
"390","Nantong","7/9/08",44,"--",17782,2008,9,7,1,32,1
"391","Nantong","8/9/08",44,"--",17783,2008,9,8,1,32,1
"392","Nantong","9/9/08",34,"--",17784,2008,9,9,1,32,1
"393","Nantong","10/9/08",60,"PM10",17785,2008,9,10,1,32,1
"394","Nantong","11/9/08",30,"--",17786,2008,9,11,1,32,1
"395","Nantong","12/9/08",83,"PM10",17787,2008,9,12,1,32,1
"396","Nantong","1/10/08",112,"PM10",17806,2008,10,1,1,32,1
"397","Nantong","2/10/08",62,"PM10",17807,2008,10,2,1,32,1
"398","Nantong","3/10/08",98,"PM10",17808,2008,10,3,1,32,1
"399","Nantong","4/10/08",51,"PM10",17809,2008,10,4,1,32,1
"400","Nantong","5/10/08",57,"PM10",17810,2008,10,5,1,32,1
"401","Nantong","6/10/08",56,"PM10",17811,2008,10,6,1,32,1
"402","Nantong","7/10/08",55,"PM10",17812,2008,10,7,1,32,1
"403","Nantong","8/10/08",40,"--",17813,2008,10,8,1,32,1
"404","Nantong","9/10/08",44,"--",17814,2008,10,9,1,32,1
"405","Nantong","10/10/08",67,"PM10",17815,2008,10,10,1,32,1
"406","Nantong","11/10/08",34,"--",17816,2008,10,11,1,32,1
"407","Nantong","12/10/08",124,"PM10",17817,2008,10,12,1,32,1
"408","Nantong","1/11/08",90,"PM10",17837,2008,11,1,1,32,1
"409","Nantong","2/11/08",63,"PM10",17838,2008,11,2,1,32,1
"410","Nantong","3/11/08",108,"PM10",17839,2008,11,3,1,32,1
"411","Nantong","4/11/08",80,"PM10",17840,2008,11,4,1,32,1
"412","Nantong","5/11/08",52,"PM10",17841,2008,11,5,1,32,1
"413","Nantong","6/11/08",31,"--",17842,2008,11,6,1,32,1
"414","Nantong","7/11/08",64,"PM10",17843,2008,11,7,1,32,1
"415","Nantong","8/11/08",43,"--",17844,2008,11,8,1,32,1
"416","Nantong","9/11/08",53,"PM10",17845,2008,11,9,1,32,1
"417","Nantong","10/11/08",58,"PM10",17846,2008,11,10,1,32,1
"418","Nantong","11/11/08",55,"PM10",17847,2008,11,11,1,32,1
"419","Nantong","12/11/08",108,"PM10",17848,2008,11,12,1,32,1
"420","Nantong","1/12/08",33,"--",17867,2008,12,1,1,32,1
"421","Nantong","2/12/08",63,"PM10",17868,2008,12,2,1,32,1
"422","Nantong","3/12/08",88,"PM10",17869,2008,12,3,1,32,1
"423","Nantong","4/12/08",64,"PM10",17870,2008,12,4,1,32,1
"424","Nantong","5/12/08",57,"PM10",17871,2008,12,5,1,32,1
"425","Nantong","6/12/08",57,"PM10",17872,2008,12,6,1,32,1
"426","Nantong","7/12/08",63,"PM10",17873,2008,12,7,1,32,1
"427","Nantong","8/12/08",62,"PM10",17874,2008,12,8,1,32,1
"428","Nantong","9/12/08",67,"PM10",17875,2008,12,9,1,32,1
"429","Nantong","10/12/08",36,"--",17876,2008,12,10,1,32,1
"430","Nantong","11/12/08",92,"PM10",17877,2008,12,11,1,32,1
"431","Nantong","12/12/08",79,"PM10",17878,2008,12,12,1,32,1
"432","Nantong","1/1/09",43,"--",17898,2009,1,1,1,32,1
"433","Nantong","2/1/09",55,"PM10",17899,2009,1,2,1,32,1
"434","Nantong","3/1/09",66,"PM10",17900,2009,1,3,1,32,1
"435","Nantong","4/1/09",51,"PM10",17901,2009,1,4,1,32,1
"436","Nantong","5/1/09",57,"PM10",17902,2009,1,5,1,32,1
"437","Nantong","6/1/09",130,"PM10",17903,2009,1,6,1,32,1
"438","Nantong","7/1/09",39,"--",17904,2009,1,7,1,32,1
"439","Nantong","8/1/09",24,"--",17905,2009,1,8,1,32,1
"440","Nantong","9/1/09",32,"--",17906,2009,1,9,1,32,1
"441","Nantong","10/1/09",32,"--",17907,2009,1,10,1,32,1
"442","Nantong","11/1/09",43,"--",17908,2009,1,11,1,32,1
"443","Nantong","12/1/09",86,"PM10",17909,2009,1,12,1,32,1
"444","Nantong","1/2/09",30,"--",17929,2009,2,1,1,32,1
"445","Nantong","2/2/09",32,"--",17930,2009,2,2,1,32,1
"446","Nantong","3/2/09",52,"PM10",17931,2009,2,3,1,32,1
"447","Nantong","4/2/09",59,"PM10",17932,2009,2,4,1,32,1
"448","Nantong","5/2/09",52,"PM10",17933,2009,2,5,1,32,1
"449","Nantong","6/2/09",148,"PM10",17934,2009,2,6,1,32,1
"450","Nantong","7/2/09",71,"PM10",17935,2009,2,7,1,32,1
"451","Nantong","8/2/09",20,"--",17936,2009,2,8,1,32,1
"452","Nantong","9/2/09",33,"--",17937,2009,2,9,1,32,1
"453","Nantong","10/2/09",30,"--",17938,2009,2,10,1,32,1
"454","Nantong","11/2/09",51,"PM10",17939,2009,2,11,1,32,1
"455","Nantong","12/2/09",94,"PM10",17940,2009,2,12,1,32,1
"456","Nantong","1/3/09",46,"--",17957,2009,3,1,1,32,1
"457","Nantong","2/3/09",57,"PM10",17958,2009,3,2,1,32,1
"458","Nantong","3/3/09",18,"--",17959,2009,3,3,1,32,1
"459","Nantong","4/3/09",52,"PM10",17960,2009,3,4,1,32,1
"460","Nantong","5/3/09",38,"--",17961,2009,3,5,1,32,1
"461","Nantong","6/3/09",83,"PM10",17962,2009,3,6,1,32,1
"462","Nantong","7/3/09",61,"PM10",17963,2009,3,7,1,32,1
"463","Nantong","8/3/09",14,"--",17964,2009,3,8,1,32,1
"464","Nantong","9/3/09",34,"--",17965,2009,3,9,1,32,1
"465","Nantong","10/3/09",67,"PM10",17966,2009,3,10,1,32,1
"466","Nantong","11/3/09",61,"PM10",17967,2009,3,11,1,32,1
"467","Nantong","12/3/09",118,"PM10",17968,2009,3,12,1,32,1
"468","Nantong","1/4/09",19,"--",17988,2009,4,1,1,32,1
"469","Nantong","2/4/09",42,"--",17989,2009,4,2,1,32,1
"470","Nantong","3/4/09",39,"--",17990,2009,4,3,1,32,1
"471","Nantong","4/4/09",88,"PM10",17991,2009,4,4,1,32,1
"472","Nantong","5/4/09",54,"PM10",17992,2009,4,5,1,32,1
"473","Nantong","6/4/09",138,"PM10",17993,2009,4,6,1,32,1
"474","Nantong","7/4/09",74,"PM10",17994,2009,4,7,1,32,1
"475","Nantong","8/4/09",26,"--",17995,2009,4,8,1,32,1
"476","Nantong","9/4/09",34,"--",17996,2009,4,9,1,32,1
"477","Nantong","10/4/09",51,"PM10",17997,2009,4,10,1,32,1
"478","Nantong","11/4/09",70,"PM10",17998,2009,4,11,1,32,1
"479","Nantong","12/4/09",92,"PM10",17999,2009,4,12,1,32,1
"480","Nantong","1/5/09",51,"PM10",18018,2009,5,1,1,32,1
"481","Nantong","2/5/09",68,"PM10",18019,2009,5,2,1,32,1
"482","Nantong","3/5/09",48,"--",18020,2009,5,3,1,32,1
"483","Nantong","4/5/09",59,"PM10",18021,2009,5,4,1,32,1
"484","Nantong","5/5/09",51,"PM10",18022,2009,5,5,1,32,1
"485","Nantong","6/5/09",80,"PM10",18023,2009,5,6,1,32,1
"486","Nantong","7/5/09",62,"PM10",18024,2009,5,7,1,32,1
"487","Nantong","8/5/09",27,"--",18025,2009,5,8,1,32,1
"488","Nantong","9/5/09",40,"--",18026,2009,5,9,1,32,1
"489","Nantong","10/5/09",57,"PM10",18027,2009,5,10,1,32,1
"490","Nantong","11/5/09",75,"PM10",18028,2009,5,11,1,32,1
"491","Nantong","12/5/09",91,"PM10",18029,2009,5,12,1,32,1
"492","Nantong","1/6/09",36,"--",18049,2009,6,1,1,32,1
"493","Nantong","2/6/09",69,"PM10",18050,2009,6,2,1,32,1
"494","Nantong","3/6/09",68,"PM10",18051,2009,6,3,1,32,1
"495","Nantong","4/6/09",114,"PM10",18052,2009,6,4,1,32,1
"496","Nantong","5/6/09",55,"PM10",18053,2009,6,5,1,32,1
"497","Nantong","6/6/09",73,"PM10",18054,2009,6,6,1,32,1
"498","Nantong","7/6/09",49,"--",18055,2009,6,7,1,32,1
"499","Nantong","8/6/09",30,"--",18056,2009,6,8,1,32,1
"500","Nantong","9/6/09",46,"--",18057,2009,6,9,1,32,1
"501","Nantong","10/6/09",60,"PM10",18058,2009,6,10,1,32,1
"502","Nantong","11/6/09",111,"PM10",18059,2009,6,11,1,32,1
"503","Nantong","12/6/09",66,"PM10",18060,2009,6,12,1,32,1
"504","Nantong","1/7/09",35,"--",18079,2009,7,1,1,32,1
"505","Nantong","2/7/09",71,"PM10",18080,2009,7,2,1,32,1
"506","Nantong","3/7/09",67,"PM10",18081,2009,7,3,1,32,1
"507","Nantong","4/7/09",112,"PM10",18082,2009,7,4,1,32,1
"508","Nantong","5/7/09",80,"PM10",18083,2009,7,5,1,32,1
"509","Nantong","6/7/09",56,"PM10",18084,2009,7,6,1,32,1
"510","Nantong","7/7/09",39,"--",18085,2009,7,7,1,32,1
"511","Nantong","8/7/09",31,"--",18086,2009,7,8,1,32,1
"512","Nantong","9/7/09",48,"--",18087,2009,7,9,1,32,1
"513","Nantong","10/7/09",54,"PM10",18088,2009,7,10,1,32,1
"514","Nantong","11/7/09",89,"PM10",18089,2009,7,11,1,32,1
"515","Nantong","12/7/09",48,"--",18090,2009,7,12,1,32,1
"516","Nantong","1/8/09",60,"PM10",18110,2009,8,1,1,32,1
"517","Nantong","2/8/09",78,"PM10",18111,2009,8,2,1,32,1
"518","Nantong","3/8/09",58,"PM10",18112,2009,8,3,1,32,1
"519","Nantong","4/8/09",87,"PM10",18113,2009,8,4,1,32,1
"520","Nantong","5/8/09",85,"PM10",18114,2009,8,5,1,32,1
"521","Nantong","6/8/09",60,"PM10",18115,2009,8,6,1,32,1
"522","Nantong","7/8/09",55,"PM10",18116,2009,8,7,1,32,1
"523","Nantong","8/8/09",28,"--",18117,2009,8,8,1,32,1
"524","Nantong","9/8/09",47,"--",18118,2009,8,9,1,32,1
"525","Nantong","10/8/09",59,"PM10",18119,2009,8,10,1,32,1
"526","Nantong","11/8/09",75,"PM10",18120,2009,8,11,1,32,1
"527","Nantong","12/8/09",40,"--",18121,2009,8,12,1,32,1
"528","Nantong","1/9/09",96,"PM10",18141,2009,9,1,1,32,1
"529","Nantong","2/9/09",112,"PM10",18142,2009,9,2,1,32,1
"530","Nantong","3/9/09",69,"PM10",18143,2009,9,3,1,32,1
"531","Nantong","4/9/09",88,"PM10",18144,2009,9,4,1,32,1
"532","Nantong","5/9/09",82,"PM10",18145,2009,9,5,1,32,1
"533","Nantong","6/9/09",50,"--",18146,2009,9,6,1,32,1
"534","Nantong","7/9/09",61,"PM10",18147,2009,9,7,1,32,1
"535","Nantong","8/9/09",26,"--",18148,2009,9,8,1,32,1
"536","Nantong","9/9/09",46,"--",18149,2009,9,9,1,32,1
"537","Nantong","10/9/09",52,"PM10",18150,2009,9,10,1,32,1
"538","Nantong","11/9/09",89,"PM10",18151,2009,9,11,1,32,1
"539","Nantong","12/9/09",56,"PM10",18152,2009,9,12,1,32,1
"540","Nantong","1/10/09",55,"PM10",18171,2009,10,1,1,32,1
"541","Nantong","2/10/09",95,"PM10",18172,2009,10,2,1,32,1
"542","Nantong","3/10/09",98,"PM10",18173,2009,10,3,1,32,1
"543","Nantong","4/10/09",85,"PM10",18174,2009,10,4,1,32,1
"544","Nantong","5/10/09",75,"PM10",18175,2009,10,5,1,32,1
"545","Nantong","6/10/09",58,"PM10",18176,2009,10,6,1,32,1
"546","Nantong","7/10/09",37,"--",18177,2009,10,7,1,32,1
"547","Nantong","8/10/09",21,"--",18178,2009,10,8,1,32,1
"548","Nantong","9/10/09",53,"PM10",18179,2009,10,9,1,32,1
"549","Nantong","10/10/09",57,"PM10",18180,2009,10,10,1,32,1
"550","Nantong","11/10/09",28,"--",18181,2009,10,11,1,32,1
"551","Nantong","12/10/09",57,"PM10",18182,2009,10,12,1,32,1
"552","Nantong","1/11/09",63,"PM10",18202,2009,11,1,1,32,1
"553","Nantong","2/11/09",115,"PM10",18203,2009,11,2,1,32,1
"554","Nantong","3/11/09",53,"PM10",18204,2009,11,3,1,32,1
"555","Nantong","4/11/09",59,"PM10",18205,2009,11,4,1,32,1
"556","Nantong","5/11/09",75,"PM10",18206,2009,11,5,1,32,1
"557","Nantong","6/11/09",83,"PM10",18207,2009,11,6,1,32,1
"558","Nantong","7/11/09",43,"--",18208,2009,11,7,1,32,1
"559","Nantong","8/11/09",22,"--",18209,2009,11,8,1,32,1
"560","Nantong","9/11/09",52,"PM10",18210,2009,11,9,1,32,1
"561","Nantong","10/11/09",53,"PM10",18211,2009,11,10,1,32,1
"562","Nantong","11/11/09",26,"--",18212,2009,11,11,1,32,1
"563","Nantong","12/11/09",57,"PM10",18213,2009,11,12,1,32,1
"564","Nantong","1/12/09",55,"PM10",18232,2009,12,1,1,32,1
"565","Nantong","2/12/09",77,"PM10",18233,2009,12,2,1,32,1
"566","Nantong","3/12/09",34,"--",18234,2009,12,3,1,32,1
"567","Nantong","4/12/09",56,"PM10",18235,2009,12,4,1,32,1
"568","Nantong","5/12/09",72,"PM10",18236,2009,12,5,1,32,1
"569","Nantong","6/12/09",74,"PM10",18237,2009,12,6,1,32,1
"570","Nantong","7/12/09",54,"PM10",18238,2009,12,7,1,32,1
"571","Nantong","8/12/09",18,"--",18239,2009,12,8,1,32,1
"572","Nantong","9/12/09",69,"PM10",18240,2009,12,9,1,32,1
"573","Nantong","10/12/09",51,"PM10",18241,2009,12,10,1,32,1
"574","Nantong","11/12/09",34,"--",18242,2009,12,11,1,32,1
"575","Nantong","12/12/09",67,"PM10",18243,2009,12,12,1,32,1
"576","Nantong","1/1/10",66,"PM10",18263,2010,1,1,1,32,1
"577","Nantong","2/1/10",46,"--",18264,2010,1,2,1,32,1
"578","Nantong","3/1/10",65,"PM10",18265,2010,1,3,1,32,1
"579","Nantong","4/1/10",70,"PM10",18266,2010,1,4,1,32,1
"580","Nantong","5/1/10",100,"PM10",18267,2010,1,5,1,32,1
"581","Nantong","6/1/10",44,"--",18268,2010,1,6,1,32,1
"582","Nantong","7/1/10",85,"PM10",18269,2010,1,7,1,32,1
"583","Nantong","8/1/10",90,"PM10",18270,2010,1,8,1,32,1
"584","Nantong","9/1/10",31,"--",18271,2010,1,9,1,32,1
"585","Nantong","10/1/10",79,"PM10",18272,2010,1,10,1,32,1
"586","Nantong","11/1/10",472,"PM10",18273,2010,1,11,1,32,1
"587","Nantong","12/1/10",86,"PM10",18274,2010,1,12,1,32,1
"588","Nantong","1/2/10",113,"PM10",18294,2010,2,1,1,32,1
"589","Nantong","2/2/10",62,"PM10",18295,2010,2,2,1,32,1
"590","Nantong","3/2/10",59,"PM10",18296,2010,2,3,1,32,1
"591","Nantong","4/2/10",74,"PM10",18297,2010,2,4,1,32,1
"592","Nantong","5/2/10",98,"PM10",18298,2010,2,5,1,32,1
"593","Nantong","6/2/10",51,"PM10",18299,2010,2,6,1,32,1
"594","Nantong","7/2/10",87,"PM10",18300,2010,2,7,1,32,1
"595","Nantong","8/2/10",81,"PM10",18301,2010,2,8,1,32,1
"596","Nantong","9/2/10",36,"--",18302,2010,2,9,1,32,1
"597","Nantong","10/2/10",61,"PM10",18303,2010,2,10,1,32,1
"598","Nantong","11/2/10",335,"PM10",18304,2010,2,11,1,32,1
"599","Nantong","12/2/10",86,"PM10",18305,2010,2,12,1,32,1
"600","Nantong","1/3/10",78,"PM10",18322,2010,3,1,1,32,1
"601","Nantong","2/3/10",50,"--",18323,2010,3,2,1,32,1
"602","Nantong","3/3/10",51,"PM10",18324,2010,3,3,1,32,1
"603","Nantong","4/3/10",99,"PM10",18325,2010,3,4,1,32,1
"604","Nantong","5/3/10",97,"PM10",18326,2010,3,5,1,32,1
"605","Nantong","6/3/10",56,"PM10",18327,2010,3,6,1,32,1
"606","Nantong","7/3/10",73,"PM10",18328,2010,3,7,1,32,1
"607","Nantong","8/3/10",83,"PM10",18329,2010,3,8,1,32,1
"608","Nantong","9/3/10",33,"--",18330,2010,3,9,1,32,1
"609","Nantong","10/3/10",68,"PM10",18331,2010,3,10,1,32,1
"610","Nantong","11/3/10",63,"PM10",18332,2010,3,11,1,32,1
"611","Nantong","12/3/10",154,"PM10",18333,2010,3,12,1,32,1
"612","Nantong","1/4/10",85,"PM10",18353,2010,4,1,1,32,1
"613","Nantong","2/4/10",62,"PM10",18354,2010,4,2,1,32,1
"614","Nantong","3/4/10",37,"--",18355,2010,4,3,1,32,1
"615","Nantong","4/4/10",85,"PM10",18356,2010,4,4,1,32,1
"616","Nantong","5/4/10",96,"PM10",18357,2010,4,5,1,32,1
"617","Nantong","6/4/10",58,"PM10",18358,2010,4,6,1,32,1
"618","Nantong","7/4/10",78,"PM10",18359,2010,4,7,1,32,1
"619","Nantong","8/4/10",95,"PM10",18360,2010,4,8,1,32,1
"620","Nantong","9/4/10",45,"--",18361,2010,4,9,1,32,1
"621","Nantong","10/4/10",73,"PM10",18362,2010,4,10,1,32,1
"622","Nantong","11/4/10",89,"PM10",18363,2010,4,11,1,32,1
"623","Nantong","12/4/10",86,"PM10",18364,2010,4,12,1,32,1
"624","Nantong","1/5/10",69,"PM10",18383,2010,5,1,1,32,1
"625","Nantong","2/5/10",68,"PM10",18384,2010,5,2,1,32,1
"626","Nantong","3/5/10",42,"--",18385,2010,5,3,1,32,1
"627","Nantong","4/5/10",73,"PM10",18386,2010,5,4,1,32,1
"628","Nantong","5/5/10",80,"PM10",18387,2010,5,5,1,32,1
"629","Nantong","6/5/10",60,"PM10",18388,2010,5,6,1,32,1
"630","Nantong","7/5/10",94,"PM10",18389,2010,5,7,1,32,1
"631","Nantong","8/5/10",70,"PM10",18390,2010,5,8,1,32,1
"632","Nantong","9/5/10",51,"PM10",18391,2010,5,9,1,32,1
"633","Nantong","10/5/10",87,"PM10",18392,2010,5,10,1,32,1
"634","Nantong","11/5/10",92,"PM10",18393,2010,5,11,1,32,1
"635","Nantong","12/5/10",83,"PM10",18394,2010,5,12,1,32,1
"636","Nantong","1/6/10",58,"PM10",18414,2010,6,1,1,32,1
"637","Nantong","2/6/10",64,"PM10",18415,2010,6,2,1,32,1
"638","Nantong","3/6/10",21,"--",18416,2010,6,3,1,32,1
"639","Nantong","4/6/10",61,"PM10",18417,2010,6,4,1,32,1
"640","Nantong","5/6/10",94,"PM10",18418,2010,6,5,1,32,1
"641","Nantong","6/6/10",76,"PM10",18419,2010,6,6,1,32,1
"642","Nantong","7/6/10",99,"PM10",18420,2010,6,7,1,32,1
"643","Nantong","8/6/10",48,"--",18421,2010,6,8,1,32,1
"644","Nantong","9/6/10",29,"--",18422,2010,6,9,1,32,1
"645","Nantong","10/6/10",73,"PM10",18423,2010,6,10,1,32,1
"646","Nantong","11/6/10",88,"PM10",18424,2010,6,11,1,32,1
"647","Nantong","12/6/10",105,"PM10",18425,2010,6,12,1,32,1
"648","Nantong","1/7/10",60,"PM10",18444,2010,7,1,1,32,1
"649","Nantong","2/7/10",56,"PM10",18445,2010,7,2,1,32,1
"650","Nantong","3/7/10",43,"--",18446,2010,7,3,1,32,1
"651","Nantong","4/7/10",46,"--",18447,2010,7,4,1,32,1
"652","Nantong","5/7/10",55,"PM10",18448,2010,7,5,1,32,1
"653","Nantong","6/7/10",78,"PM10",18449,2010,7,6,1,32,1
"654","Nantong","7/7/10",95,"PM10",18450,2010,7,7,1,32,1
"655","Nantong","8/7/10",26,"--",18451,2010,7,8,1,32,1
"656","Nantong","9/7/10",38,"--",18452,2010,7,9,1,32,1
"657","Nantong","10/7/10",68,"PM10",18453,2010,7,10,1,32,1
"658","Nantong","11/7/10",120,"PM10",18454,2010,7,11,1,32,1
"659","Nantong","12/7/10",46,"--",18455,2010,7,12,1,32,1
"660","Nantong","1/8/10",54,"PM10",18475,2010,8,1,1,32,1
"661","Nantong","2/8/10",75,"PM10",18476,2010,8,2,1,32,1
"662","Nantong","3/8/10",55,"PM10",18477,2010,8,3,1,32,1
"663","Nantong","4/8/10",54,"PM10",18478,2010,8,4,1,32,1
"664","Nantong","5/8/10",73,"PM10",18479,2010,8,5,1,32,1
"665","Nantong","6/8/10",100,"PM10",18480,2010,8,6,1,32,1
"666","Nantong","7/8/10",96,"PM10",18481,2010,8,7,1,32,1
"667","Nantong","8/8/10",39,"--",18482,2010,8,8,1,32,1
"668","Nantong","9/8/10",55,"PM10",18483,2010,8,9,1,32,1
"669","Nantong","10/8/10",71,"PM10",18484,2010,8,10,1,32,1
"670","Nantong","11/8/10",148,"PM10",18485,2010,8,11,1,32,1
"671","Nantong","12/8/10",97,"PM10",18486,2010,8,12,1,32,1
"672","Nantong","1/9/10",90,"PM10",18506,2010,9,1,1,32,1
"673","Nantong","2/9/10",71,"PM10",18507,2010,9,2,1,32,1
"674","Nantong","3/9/10",30,"--",18508,2010,9,3,1,32,1
"675","Nantong","4/9/10",56,"PM10",18509,2010,9,4,1,32,1
"676","Nantong","5/9/10",54,"PM10",18510,2010,9,5,1,32,1
"677","Nantong","6/9/10",83,"PM10",18511,2010,9,6,1,32,1
"678","Nantong","7/9/10",53,"PM10",18512,2010,9,7,1,32,1
"679","Nantong","8/9/10",48,"--",18513,2010,9,8,1,32,1
"680","Nantong","9/9/10",65,"PM10",18514,2010,9,9,1,32,1
"681","Nantong","10/9/10",69,"PM10",18515,2010,9,10,1,32,1
"682","Nantong","11/9/10",134,"PM10",18516,2010,9,11,1,32,1
"683","Nantong","12/9/10",100,"PM10",18517,2010,9,12,1,32,1
"684","Nantong","1/10/10",94,"PM10",18536,2010,10,1,1,32,1
"685","Nantong","2/10/10",56,"PM10",18537,2010,10,2,1,32,1
"686","Nantong","3/10/10",60,"PM10",18538,2010,10,3,1,32,1
"687","Nantong","4/10/10",65,"PM10",18539,2010,10,4,1,32,1
"688","Nantong","5/10/10",64,"PM10",18540,2010,10,5,1,32,1
"689","Nantong","6/10/10",43,"--",18541,2010,10,6,1,32,1
"690","Nantong","7/10/10",48,"--",18542,2010,10,7,1,32,1
"691","Nantong","8/10/10",33,"--",18543,2010,10,8,1,32,1
"692","Nantong","9/10/10",49,"--",18544,2010,10,9,1,32,1
"693","Nantong","10/10/10",76,"PM10",18545,2010,10,10,1,32,1
"694","Nantong","11/10/10",114,"PM10",18546,2010,10,11,1,32,1
"695","Nantong","12/10/10",99,"PM10",18547,2010,10,12,1,32,1
"696","Nantong","1/11/10",81,"PM10",18567,2010,11,1,1,32,1
"697","Nantong","2/11/10",12,"--",18568,2010,11,2,1,32,1
"698","Nantong","3/11/10",84,"PM10",18569,2010,11,3,1,32,1
"699","Nantong","4/11/10",37,"--",18570,2010,11,4,1,32,1
"700","Nantong","5/11/10",92,"PM10",18571,2010,11,5,1,32,1
"701","Nantong","6/11/10",69,"PM10",18572,2010,11,6,1,32,1
"702","Nantong","7/11/10",55,"PM10",18573,2010,11,7,1,32,1
"703","Nantong","8/11/10",55,"PM10",18574,2010,11,8,1,32,1
"704","Nantong","9/11/10",57,"PM10",18575,2010,11,9,1,32,1
"705","Nantong","10/11/10",61,"PM10",18576,2010,11,10,1,32,1
"706","Nantong","11/11/10",119,"PM10",18577,2010,11,11,1,32,1
"707","Nantong","12/11/10",125,"PM10",18578,2010,11,12,1,32,1
"708","Nantong","1/12/10",64,"PM10",18597,2010,12,1,1,32,1
"709","Nantong","2/12/10",39,"--",18598,2010,12,2,1,32,1
"710","Nantong","3/12/10",94,"PM10",18599,2010,12,3,1,32,1
"711","Nantong","4/12/10",32,"--",18600,2010,12,4,1,32,1
"712","Nantong","5/12/10",92,"PM10",18601,2010,12,5,1,32,1
"713","Nantong","6/12/10",86,"PM10",18602,2010,12,6,1,32,1
"714","Nantong","7/12/10",40,"--",18603,2010,12,7,1,32,1
"715","Nantong","8/12/10",89,"PM10",18604,2010,12,8,1,32,1
"716","Nantong","9/12/10",36,"--",18605,2010,12,9,1,32,1
"717","Nantong","10/12/10",73,"PM10",18606,2010,12,10,1,32,1
"718","Nantong","11/12/10",200,"PM10",18607,2010,12,11,1,32,1
"719","Nantong","12/12/10",65,"PM10",18608,2010,12,12,1,32,1
"720","Nantong","1/1/11",44,"--",18628,2011,1,1,1,32,1
"721","Nantong","2/1/11",91,"PM10",18629,2011,1,2,1,32,1
"722","Nantong","3/1/11",49,"--",18630,2011,1,3,1,32,1
"723","Nantong","4/1/11",59,"PM10",18631,2011,1,4,1,32,1
"724","Nantong","5/1/11",90,"PM10",18632,2011,1,5,1,32,1
"725","Nantong","6/1/11",118,"PM10",18633,2011,1,6,1,32,1
"726","Nantong","7/1/11",68,"PM10",18634,2011,1,7,1,32,1
"727","Nantong","8/1/11",42,"--",18635,2011,1,8,1,32,1
"728","Nantong","9/1/11",46,"--",18636,2011,1,9,1,32,1
"729","Nantong","10/1/11",38,"--",18637,2011,1,10,1,32,1
"730","Nantong","11/1/11",66,"PM10",18638,2011,1,11,1,32,1
"731","Nantong","12/1/11",24,"--",18639,2011,1,12,1,32,1
"732","Nantong","1/2/11",30,"--",18659,2011,2,1,1,32,1
"733","Nantong","2/2/11",95,"PM10",18660,2011,2,2,1,32,1
"734","Nantong","3/2/11",74,"PM10",18661,2011,2,3,1,32,1
"735","Nantong","4/2/11",57,"PM10",18662,2011,2,4,1,32,1
"736","Nantong","5/2/11",413,"PM10",18663,2011,2,5,1,32,1
"737","Nantong","6/2/11",125,"PM10",18664,2011,2,6,1,32,1
"738","Nantong","7/2/11",72,"PM10",18665,2011,2,7,1,32,1
"739","Nantong","8/2/11",51,"PM10",18666,2011,2,8,1,32,1
"740","Nantong","9/2/11",46,"--",18667,2011,2,9,1,32,1
"741","Nantong","10/2/11",43,"--",18668,2011,2,10,1,32,1
"742","Nantong","11/2/11",39,"--",18669,2011,2,11,1,32,1
"743","Nantong","12/2/11",42,"--",18670,2011,2,12,1,32,1
"744","Nantong","1/3/11",18,"--",18687,2011,3,1,1,32,1
"745","Nantong","2/3/11",145,"PM10",18688,2011,3,2,1,32,1
"746","Nantong","3/3/11",76,"PM10",18689,2011,3,3,1,32,1
"747","Nantong","4/3/11",26,"--",18690,2011,3,4,1,32,1
"748","Nantong","5/3/11",394,"PM10",18691,2011,3,5,1,32,1
"749","Nantong","6/3/11",183,"PM10",18692,2011,3,6,1,32,1
"750","Nantong","7/3/11",64,"PM10",18693,2011,3,7,1,32,1
"751","Nantong","8/3/11",51,"PM10",18694,2011,3,8,1,32,1
"752","Nantong","9/3/11",52,"PM10",18695,2011,3,9,1,32,1
"753","Nantong","10/3/11",30,"--",18696,2011,3,10,1,32,1
"754","Nantong","11/3/11",51,"PM10",18697,2011,3,11,1,32,1
"755","Nantong","12/3/11",67,"PM10",18698,2011,3,12,1,32,1
"756","Nantong","1/4/11",69,"PM10",18718,2011,4,1,1,32,1
"757","Nantong","2/4/11",99,"PM10",18719,2011,4,2,1,32,1
"758","Nantong","3/4/11",75,"PM10",18720,2011,4,3,1,32,1
"759","Nantong","4/4/11",58,"PM10",18721,2011,4,4,1,32,1
"760","Nantong","5/4/11",120,"PM10",18722,2011,4,5,1,32,1
"761","Nantong","6/4/11",103,"PM10",18723,2011,4,6,1,32,1
"762","Nantong","7/4/11",73,"PM10",18724,2011,4,7,1,32,1
"763","Nantong","8/4/11",52,"PM10",18725,2011,4,8,1,32,1
"764","Nantong","9/4/11",53,"PM10",18726,2011,4,9,1,32,1
"765","Nantong","10/4/11",36,"--",18727,2011,4,10,1,32,1
"766","Nantong","11/4/11",35,"--",18728,2011,4,11,1,32,1
"767","Nantong","12/4/11",79,"PM10",18729,2011,4,12,1,32,1
"768","Nantong","1/5/11",115,"PM10",18748,2011,5,1,1,32,1
"769","Nantong","2/5/11",94,"PM10",18749,2011,5,2,1,32,1
"770","Nantong","3/5/11",51,"PM10",18750,2011,5,3,1,32,1
"771","Nantong","4/5/11",50,"--",18751,2011,5,4,1,32,1
"772","Nantong","5/5/11",78,"PM10",18752,2011,5,5,1,32,1
"773","Nantong","6/5/11",128,"PM10",18753,2011,5,6,1,32,1
"774","Nantong","7/5/11",45,"--",18754,2011,5,7,1,32,1
"775","Nantong","8/5/11",34,"--",18755,2011,5,8,1,32,1
"776","Nantong","9/5/11",51,"PM10",18756,2011,5,9,1,32,1
"777","Nantong","10/5/11",40,"--",18757,2011,5,10,1,32,1
"778","Nantong","11/5/11",42,"--",18758,2011,5,11,1,32,1
"779","Nantong","12/5/11",59,"PM10",18759,2011,5,12,1,32,1
"780","Nantong","1/6/11",88,"PM10",18779,2011,6,1,1,32,1
"781","Nantong","2/6/11",73,"PM10",18780,2011,6,2,1,32,1
"782","Nantong","3/6/11",0,"--",18781,2011,6,3,1,32,1
"783","Nantong","4/6/11",47,"--",18782,2011,6,4,1,32,1
"784","Nantong","5/6/11",59,"PM10",18783,2011,6,5,1,32,1
"785","Nantong","6/6/11",98,"PM10",18784,2011,6,6,1,32,1
"786","Nantong","7/6/11",85,"PM10",18785,2011,6,7,1,32,1
"787","Nantong","8/6/11",28,"--",18786,2011,6,8,1,32,1
"788","Nantong","9/6/11",50,"--",18787,2011,6,9,1,32,1
"789","Nantong","10/6/11",73,"PM10",18788,2011,6,10,1,32,1
"790","Nantong","11/6/11",20,"--",18789,2011,6,11,1,32,1
"791","Nantong","12/6/11",49,"--",18790,2011,6,12,1,32,1
"792","Nantong","1/7/11",56,"PM10",18809,2011,7,1,1,32,1
"793","Nantong","2/7/11",125,"PM10",18810,2011,7,2,1,32,1
"794","Nantong","3/7/11",63,"PM10",18811,2011,7,3,1,32,1
"795","Nantong","4/7/11",54,"PM10",18812,2011,7,4,1,32,1
"796","Nantong","5/7/11",84,"PM10",18813,2011,7,5,1,32,1
"797","Nantong","6/7/11",64,"PM10",18814,2011,7,6,1,32,1
"798","Nantong","7/7/11",104,"PM10",18815,2011,7,7,1,32,1
"799","Nantong","8/7/11",32,"--",18816,2011,7,8,1,32,1
"800","Nantong","9/7/11",56,"PM10",18817,2011,7,9,1,32,1
"801","Nantong","10/7/11",85,"PM10",18818,2011,7,10,1,32,1
"802","Nantong","11/7/11",24,"--",18819,2011,7,11,1,32,1
"803","Nantong","12/7/11",32,"--",18820,2011,7,12,1,32,1
"804","Nantong","1/8/11",64,"PM10",18840,2011,8,1,1,32,1
"805","Nantong","2/8/11",110,"PM10",18841,2011,8,2,1,32,1
"806","Nantong","3/8/11",86,"PM10",18842,2011,8,3,1,32,1
"807","Nantong","4/8/11",72,"PM10",18843,2011,8,4,1,32,1
"808","Nantong","5/8/11",58,"PM10",18844,2011,8,5,1,32,1
"809","Nantong","6/8/11",78,"PM10",18845,2011,8,6,1,32,1
"810","Nantong","7/8/11",64,"PM10",18846,2011,8,7,1,32,1
"811","Nantong","8/8/11",51,"PM10",18847,2011,8,8,1,32,1
"812","Nantong","9/8/11",66,"PM10",18848,2011,8,9,1,32,1
"813","Nantong","10/8/11",70,"PM10",18849,2011,8,10,1,32,1
"814","Nantong","11/8/11",42,"--",18850,2011,8,11,1,32,1
"815","Nantong","12/8/11",19,"--",18851,2011,8,12,1,32,1
"816","Nantong","1/9/11",93,"PM10",18871,2011,9,1,1,32,1
"817","Nantong","2/9/11",76,"PM10",18872,2011,9,2,1,32,1
"818","Nantong","3/9/11",82,"PM10",18873,2011,9,3,1,32,1
"819","Nantong","4/9/11",102,"PM10",18874,2011,9,4,1,32,1
"820","Nantong","5/9/11",48,"--",18875,2011,9,5,1,32,1
"821","Nantong","6/9/11",124,"PM10",18876,2011,9,6,1,32,1
"822","Nantong","7/9/11",58,"PM10",18877,2011,9,7,1,32,1
"823","Nantong","8/9/11",66,"PM10",18878,2011,9,8,1,32,1
"824","Nantong","9/9/11",44,"--",18879,2011,9,9,1,32,1
"825","Nantong","10/9/11",63,"PM10",18880,2011,9,10,1,32,1
"826","Nantong","11/9/11",34,"--",18881,2011,9,11,1,32,1
"827","Nantong","12/9/11",34,"--",18882,2011,9,12,1,32,1
"828","Nantong","1/10/11",50,"--",18901,2011,10,1,1,32,1
"829","Nantong","2/10/11",16,"--",18902,2011,10,2,1,32,1
"830","Nantong","3/10/11",62,"PM10",18903,2011,10,3,1,32,1
"831","Nantong","4/10/11",87,"PM10",18904,2011,10,4,1,32,1
"832","Nantong","5/10/11",54,"PM10",18905,2011,10,5,1,32,1
"833","Nantong","6/10/11",147,"PM10",18906,2011,10,6,1,32,1
"834","Nantong","7/10/11",42,"--",18907,2011,10,7,1,32,1
"835","Nantong","8/10/11",59,"PM10",18908,2011,10,8,1,32,1
"836","Nantong","9/10/11",21,"--",18909,2011,10,9,1,32,1
"837","Nantong","10/10/11",54,"PM10",18910,2011,10,10,1,32,1
"838","Nantong","11/10/11",40,"--",18911,2011,10,11,1,32,1
"839","Nantong","12/10/11",57,"PM10",18912,2011,10,12,1,32,1
"840","Nantong","1/11/11",78,"PM10",18932,2011,11,1,1,32,1
"841","Nantong","2/11/11",16,"--",18933,2011,11,2,1,32,1
"842","Nantong","3/11/11",79,"PM10",18934,2011,11,3,1,32,1
"843","Nantong","4/11/11",75,"PM10",18935,2011,11,4,1,32,1
"844","Nantong","5/11/11",53,"PM10",18936,2011,11,5,1,32,1
"845","Nantong","6/11/11",57,"PM10",18937,2011,11,6,1,32,1
"846","Nantong","7/11/11",30,"--",18938,2011,11,7,1,32,1
"847","Nantong","8/11/11",52,"PM10",18939,2011,11,8,1,32,1
"848","Nantong","9/11/11",50,"--",18940,2011,11,9,1,32,1
"849","Nantong","10/11/11",31,"--",18941,2011,11,10,1,32,1
"850","Nantong","11/11/11",74,"PM10",18942,2011,11,11,1,32,1
"851","Nantong","12/11/11",85,"PM10",18943,2011,11,12,1,32,1
"852","Nantong","1/12/11",108,"PM10",18962,2011,12,1,1,32,1
"853","Nantong","2/12/11",62,"PM10",18963,2011,12,2,1,32,1
"854","Nantong","3/12/11",66,"PM10",18964,2011,12,3,1,32,1
"855","Nantong","4/12/11",64,"PM10",18965,2011,12,4,1,32,1
"856","Nantong","5/12/11",48,"--",18966,2011,12,5,1,32,1
"857","Nantong","6/12/11",57,"PM10",18967,2011,12,6,1,32,1
"858","Nantong","7/12/11",30,"--",18968,2011,12,7,1,32,1
"859","Nantong","8/12/11",36,"--",18969,2011,12,8,1,32,1
"860","Nantong","9/12/11",41,"--",18970,2011,12,9,1,32,1
"861","Nantong","10/12/11",44,"--",18971,2011,12,10,1,32,1
"862","Nantong","11/12/11",98,"PM10",18972,2011,12,11,1,32,1
"863","Nantong","12/12/11",105,"PM10",18973,2011,12,12,1,32,1
"864","Nantong","1/1/12",83,"PM10",18993,2012,1,1,1,32,1
"865","Nantong","2/1/12",68,"PM10",18994,2012,1,2,1,32,1
"866","Nantong","3/1/12",29,"--",18995,2012,1,3,1,32,1
"867","Nantong","4/1/12",125,"PM10",18996,2012,1,4,1,32,1
"868","Nantong","5/1/12",32,"--",18997,2012,1,5,1,32,1
"869","Nantong","6/1/12",92,"PM10",18998,2012,1,6,1,32,1
"870","Nantong","7/1/12",69,"PM10",18999,2012,1,7,1,32,1
"871","Nantong","8/1/12",36,"--",19000,2012,1,8,1,32,1
"872","Nantong","9/1/12",40,"--",19001,2012,1,9,1,32,1
"873","Nantong","10/1/12",65,"PM10",19002,2012,1,10,1,32,1
"874","Nantong","11/1/12",101,"PM10",19003,2012,1,11,1,32,1
"875","Nantong","12/1/12",62,"PM10",19004,2012,1,12,1,32,1
"876","Nantong","1/2/12",69,"PM10",19024,2012,2,1,1,32,1
"877","Nantong","2/2/12",16,"--",19025,2012,2,2,1,32,1
"878","Nantong","3/2/12",63,"PM10",19026,2012,2,3,1,32,1
"879","Nantong","4/2/12",119,"PM10",19027,2012,2,4,1,32,1
"880","Nantong","5/2/12",46,"--",19028,2012,2,5,1,32,1
"881","Nantong","6/2/12",148,"PM10",19029,2012,2,6,1,32,1
"882","Nantong","7/2/12",72,"PM10",19030,2012,2,7,1,32,1
"883","Nantong","8/2/12",54,"PM10",19031,2012,2,8,1,32,1
"884","Nantong","9/2/12",52,"PM10",19032,2012,2,9,1,32,1
"885","Nantong","10/2/12",75,"PM10",19033,2012,2,10,1,32,1
"886","Nantong","11/2/12",78,"PM10",19034,2012,2,11,1,32,1
"887","Nantong","12/2/12",33,"--",19035,2012,2,12,1,32,1
"888","Nantong","1/3/12",65,"PM10",19053,2012,3,1,1,32,1
"889","Nantong","2/3/12",28,"--",19054,2012,3,2,1,32,1
"890","Nantong","3/3/12",71,"PM10",19055,2012,3,3,1,32,1
"891","Nantong","4/3/12",90,"PM10",19056,2012,3,4,1,32,1
"892","Nantong","5/3/12",85,"PM10",19057,2012,3,5,1,32,1
"893","Nantong","6/3/12",100,"PM10",19058,2012,3,6,1,32,1
"894","Nantong","7/3/12",60,"PM10",19059,2012,3,7,1,32,1
"895","Nantong","8/3/12",39,"--",19060,2012,3,8,1,32,1
"896","Nantong","9/3/12",54,"PM10",19061,2012,3,9,1,32,1
"897","Nantong","10/3/12",68,"PM10",19062,2012,3,10,1,32,1
"898","Nantong","11/3/12",53,"PM10",19063,2012,3,11,1,32,1
"899","Nantong","12/3/12",55,"PM10",19064,2012,3,12,1,32,1
"900","Nantong","1/4/12",68,"PM10",19084,2012,4,1,1,32,1
"901","Nantong","2/4/12",80,"PM10",19085,2012,4,2,1,32,1
"902","Nantong","3/4/12",59,"PM10",19086,2012,4,3,1,32,1
"903","Nantong","4/4/12",104,"PM10",19087,2012,4,4,1,32,1
"904","Nantong","5/4/12",143,"PM10",19088,2012,4,5,1,32,1
"905","Nantong","6/4/12",69,"PM10",19089,2012,4,6,1,32,1
"906","Nantong","7/4/12",53,"PM10",19090,2012,4,7,1,32,1
"907","Nantong","8/4/12",38,"--",19091,2012,4,8,1,32,1
"908","Nantong","9/4/12",56,"PM10",19092,2012,4,9,1,32,1
"909","Nantong","10/4/12",69,"PM10",19093,2012,4,10,1,32,1
"910","Nantong","11/4/12",71,"PM10",19094,2012,4,11,1,32,1
"911","Nantong","12/4/12",136,"PM10",19095,2012,4,12,1,32,1
"912","Nantong","1/5/12",65,"PM10",19114,2012,5,1,1,32,1
"913","Nantong","2/5/12",54,"PM10",19115,2012,5,2,1,32,1
"914","Nantong","3/5/12",55,"PM10",19116,2012,5,3,1,32,1
"915","Nantong","4/5/12",97,"PM10",19117,2012,5,4,1,32,1
"916","Nantong","5/5/12",119,"PM10",19118,2012,5,5,1,32,1
"917","Nantong","6/5/12",59,"PM10",19119,2012,5,6,1,32,1
"918","Nantong","7/5/12",69,"PM10",19120,2012,5,7,1,32,1
"919","Nantong","8/5/12",37,"--",19121,2012,5,8,1,32,1
"920","Nantong","9/5/12",56,"PM10",19122,2012,5,9,1,32,1
"921","Nantong","10/5/12",112,"PM10",19123,2012,5,10,1,32,1
"922","Nantong","11/5/12",80,"PM10",19124,2012,5,11,1,32,1
"923","Nantong","12/5/12",122,"PM10",19125,2012,5,12,1,32,1
"924","Nantong","1/6/12",65,"PM10",19145,2012,6,1,1,32,1
"925","Nantong","2/6/12",57,"PM10",19146,2012,6,2,1,32,1
"926","Nantong","3/6/12",115,"PM10",19147,2012,6,3,1,32,1
"927","Nantong","4/6/12",83,"PM10",19148,2012,6,4,1,32,1
"928","Nantong","5/6/12",162,"PM10",19149,2012,6,5,1,32,1
"929","Nantong","6/6/12",52,"PM10",19150,2012,6,6,1,32,1
"930","Nantong","7/6/12",89,"PM10",19151,2012,6,7,1,32,1
"931","Nantong","8/6/12",44,"--",19152,2012,6,8,1,32,1
"932","Nantong","9/6/12",46,"--",19153,2012,6,9,1,32,1
"933","Nantong","10/6/12",71,"PM10",19154,2012,6,10,1,32,1
"934","Nantong","11/6/12",87,"PM10",19155,2012,6,11,1,32,1
"935","Nantong","12/6/12",92,"PM10",19156,2012,6,12,1,32,1
"936","Nantong","1/7/12",53,"PM10",19175,2012,7,1,1,32,1
"937","Nantong","2/7/12",64,"PM10",19176,2012,7,2,1,32,1
"938","Nantong","3/7/12",107,"PM10",19177,2012,7,3,1,32,1
"939","Nantong","4/7/12",88,"PM10",19178,2012,7,4,1,32,1
"940","Nantong","5/7/12",140,"PM10",19179,2012,7,5,1,32,1
"941","Nantong","6/7/12",59,"PM10",19180,2012,7,6,1,32,1
"942","Nantong","7/7/12",62,"PM10",19181,2012,7,7,1,32,1
"943","Nantong","8/7/12",41,"--",19182,2012,7,8,1,32,1
"944","Nantong","9/7/12",50,"--",19183,2012,7,9,1,32,1
"945","Nantong","10/7/12",59,"PM10",19184,2012,7,10,1,32,1
"946","Nantong","11/7/12",159,"PM10",19185,2012,7,11,1,32,1
"947","Nantong","12/7/12",90,"PM10",19186,2012,7,12,1,32,1
"948","Nantong","1/8/12",47,"--",19206,2012,8,1,1,32,1
"949","Nantong","2/8/12",46,"--",19207,2012,8,2,1,32,1
"950","Nantong","3/8/12",57,"PM10",19208,2012,8,3,1,32,1
"951","Nantong","4/8/12",93,"PM10",19209,2012,8,4,1,32,1
"952","Nantong","5/8/12",94,"PM10",19210,2012,8,5,1,32,1
"953","Nantong","6/8/12",116,"PM10",19211,2012,8,6,1,32,1
"954","Nantong","7/8/12",59,"PM10",19212,2012,8,7,1,32,1
"955","Nantong","8/8/12",38,"--",19213,2012,8,8,1,32,1
"956","Nantong","9/8/12",47,"--",19214,2012,8,9,1,32,1
"957","Nantong","10/8/12",51,"PM10",19215,2012,8,10,1,32,1
"958","Nantong","11/8/12",114,"PM10",19216,2012,8,11,1,32,1
"959","Nantong","12/8/12",129,"PM10",19217,2012,8,12,1,32,1
"960","Nantong","1/9/12",45,"--",19237,2012,9,1,1,32,1
"961","Nantong","2/9/12",96,"PM10",19238,2012,9,2,1,32,1
"962","Nantong","3/9/12",58,"PM10",19239,2012,9,3,1,32,1
"963","Nantong","4/9/12",91,"PM10",19240,2012,9,4,1,32,1
"964","Nantong","5/9/12",28,"--",19241,2012,9,5,1,32,1
"965","Nantong","6/9/12",137,"PM10",19242,2012,9,6,1,32,1
"966","Nantong","7/9/12",69,"PM10",19243,2012,9,7,1,32,1
"967","Nantong","8/9/12",29,"--",19244,2012,9,8,1,32,1
"968","Nantong","9/9/12",30,"--",19245,2012,9,9,1,32,1
"969","Nantong","10/9/12",54,"PM10",19246,2012,9,10,1,32,1
"970","Nantong","11/9/12",60,"PM10",19247,2012,9,11,1,32,1
"971","Nantong","12/9/12",94,"PM10",19248,2012,9,12,1,32,1
"972","Nantong","1/10/12",59,"PM10",19267,2012,10,1,1,32,1
"973","Nantong","2/10/12",81,"PM10",19268,2012,10,2,1,32,1
"974","Nantong","3/10/12",46,"--",19269,2012,10,3,1,32,1
"975","Nantong","4/10/12",57,"PM10",19270,2012,10,4,1,32,1
"976","Nantong","5/10/12",60,"PM10",19271,2012,10,5,1,32,1
"977","Nantong","6/10/12",93,"PM10",19272,2012,10,6,1,32,1
"978","Nantong","7/10/12",89,"PM10",19273,2012,10,7,1,32,1
"979","Nantong","8/10/12",45,"--",19274,2012,10,8,1,32,1
"980","Nantong","9/10/12",28,"--",19275,2012,10,9,1,32,1
"981","Nantong","10/10/12",80,"PM10",19276,2012,10,10,1,32,1
"982","Nantong","11/10/12",32,"--",19277,2012,10,11,1,32,1
"983","Nantong","12/10/12",71,"PM10",19278,2012,10,12,1,32,1
"984","Nantong","1/11/12",99,"PM10",19298,2012,11,1,1,32,1
"985","Nantong","2/11/12",88,"PM10",19299,2012,11,2,1,32,1
"986","Nantong","3/11/12",113,"PM10",19300,2012,11,3,1,32,1
"987","Nantong","4/11/12",74,"PM10",19301,2012,11,4,1,32,1
"988","Nantong","5/11/12",66,"PM10",19302,2012,11,5,1,32,1
"989","Nantong","6/11/12",78,"PM10",19303,2012,11,6,1,32,1
"990","Nantong","7/11/12",59,"PM10",19304,2012,11,7,1,32,1
"991","Nantong","8/11/12",58,"PM10",19305,2012,11,8,1,32,1
"992","Nantong","9/11/12",59,"PM10",19306,2012,11,9,1,32,1
"993","Nantong","10/11/12",56,"PM10",19307,2012,11,10,1,32,1
"994","Nantong","11/11/12",35,"--",19308,2012,11,11,1,32,1
"995","Nantong","12/11/12",57,"PM10",19309,2012,11,12,1,32,1
"996","Nantong","1/12/12",47,"--",19328,2012,12,1,1,32,1
"997","Nantong","2/12/12",48,"--",19329,2012,12,2,1,32,1
"998","Nantong","3/12/12",51,"PM10",19330,2012,12,3,1,32,1
"999","Nantong","4/12/12",48,"--",19331,2012,12,4,1,32,1
"1000","Nantong","5/12/12",77,"PM10",19332,2012,12,5,1,32,1
"1001","Nantong","6/12/12",66,"PM10",19333,2012,12,6,1,32,1
"1002","Nantong","7/12/12",87,"PM10",19334,2012,12,7,1,32,1
"1003","Nantong","8/12/12",67,"PM10",19335,2012,12,8,1,32,1
"1004","Nantong","9/12/12",62,"PM10",19336,2012,12,9,1,32,1
"1005","Nantong","10/12/12",51,"PM10",19337,2012,12,10,1,32,1
"1006","Nantong","11/12/12",71,"PM10",19338,2012,12,11,1,32,1
"1007","Nantong","12/12/12",58,"PM10",19339,2012,12,12,1,32,1
"1008","Nantong","1/1/13",83,"PM10",19359,2013,1,1,1,32,1
"1009","Nantong","1/2/13",110,"PM10",19390,2013,2,1,1,32,1
"1010","Nantong","1/3/13",37,"--",19418,2013,3,1,1,32,1
"1011","Nantong","1/4/13",52,"PM10",19449,2013,4,1,1,32,1
"1012","Nantong","1/5/13",50,"--",19479,2013,5,1,1,32,1
"1013","Nantong","1/6/13",66,"PM10",19510,2013,6,1,1,32,1
"1014","Nantong","1/7/13",78,"PM10",19540,2013,7,1,1,32,1
"1015","Nantong","1/8/13",94,"PM10",19571,2013,8,1,1,32,1
"1016","Nantong","1/9/13",69,"PM10",19602,2013,9,1,1,32,1
"1017","Nantong","1/10/13",71,"PM10",19632,2013,10,1,1,32,1
"1018","Nantong","1/11/13",68,"PM10",19663,2013,11,1,1,32,1
"1019","Nantong","1/12/13",107,"PM10",19693,2013,12,1,1,32,1
