city,date,aqi,primarypollutant
Beijing,12/31/12,57,PM10
Beijing,12/30/12,38,0
Beijing,12/29/12,94,PM10
Beijing,12/28/12,137,PM10
Beijing,12/26/12,67,PM10
Beijing,12/25/12,58,PM10
Beijing,12/24/12,53,PM10
Beijing,12/23/12,36,0
Beijing,12/22/12,24,0
Beijing,12/21/12,120,PM10
Beijing,12/20/12,121,PM10
Beijing,12/19/12,72,PM10
Beijing,12/18/12,22,0
Beijing,12/17/12,45,0
Beijing,12/16/12,108,PM10
Beijing,12/15/12,114,PM10
Beijing,12/14/12,107,PM10
Beijing,12/13/12,130,PM10
Beijing,12/12/12,103,PM10
Beijing,12/11/12,86,PM10
Beijing,12/10/12,53,PM10
Beijing,12/9/12,38,0
Beijing,12/8/12,53,PM10
Beijing,12/7/12,73,PM10
Beijing,12/6/12,50,0
Beijing,12/5/12,64,PM10
Beijing,12/4/12,50,0
Beijing,12/3/12,123,PM10
Beijing,12/2/12,96,PM10
Beijing,12/1/12,50,0
Beijing,11/29/12,54,PM10
Beijing,11/28/12,151,PM10
Beijing,11/27/12,105,PM10
Beijing,11/26/12,44,0
Beijing,11/25/12,133,PM10
Beijing,11/24/12,80,PM10
Beijing,11/23/12,22,0
Beijing,11/22/12,156,PM10
Beijing,11/21/12,123,PM10
Beijing,11/20/12,74,PM10
Beijing,11/19/12,55,PM10
Beijing,11/18/12,96,PM10
Beijing,11/17/12,47,0
Beijing,11/16/12,92,PM10
Beijing,11/15/12,71,PM10
Beijing,11/14/12,26,0
Beijing,11/13/12,30,0
Beijing,11/12/12,27,0
Beijing,11/11/12,17,0
Beijing,11/10/12,82,PM10
Beijing,11/9/12,93,PM10
Beijing,11/8/12,62,PM10
Beijing,11/7/12,80,PM10
Beijing,11/6/12,48,0
Beijing,11/5/12,16,0
Beijing,11/4/12,20,0
Beijing,11/3/12,135,PM10
Beijing,11/2/12,103,PM10
Beijing,11/1/12,67,PM10
Beijing,10/31/12,51,PM10
Beijing,10/30/12,36,0
Beijing,10/29/12,59,PM10
Beijing,10/28/12,22,0
Beijing,10/27/12,154,PM10
Beijing,10/26/12,163,PM10
Beijing,10/25/12,90,PM10
Beijing,10/24/12,89,PM10
Beijing,10/23/12,54,PM10
Beijing,10/22/12,26,0
Beijing,10/21/12,81,PM10
Beijing,10/20/12,139,PM10
Beijing,10/19/12,79,PM10
Beijing,10/18/12,65,PM10
Beijing,10/17/12,23,0
Beijing,10/16/12,78,PM10
Beijing,10/15/12,83,PM10
Beijing,10/14/12,40,0
Beijing,10/13/12,97,PM10
Beijing,10/12/12,121,PM10
Beijing,10/11/12,73,PM10
Beijing,10/10/12,18,0
Beijing,10/9/12,140,PM10
Beijing,10/8/12,123,PM10
Beijing,10/7/12,83,PM10
Beijing,10/6/12,74,PM10
Beijing,10/5/12,41,0
Beijing,10/4/12,28,0
Beijing,10/3/12,108,PM10
Beijing,10/2/12,78,PM10
Beijing,10/1/12,52,PM10
Beijing,9/30/12,38,0
Beijing,9/29/12,24,0
Beijing,9/28/12,15,0
Beijing,9/27/12,65,PM10
Beijing,9/26/12,26,0
Beijing,9/25/12,78,PM10
Beijing,9/24/12,74,PM10
Beijing,9/23/12,85,PM10
Beijing,9/22/12,93,PM10
Beijing,9/21/12,128,PM10
Beijing,9/20/12,91,PM10
Beijing,9/19/12,56,PM10
Beijing,9/18/12,61,PM10
Beijing,9/17/12,63,PM10
Beijing,9/16/12,65,PM10
Beijing,9/15/12,50,0
Beijing,9/14/12,31,0
Beijing,9/13/12,28,0
Beijing,9/12/12,44,0
Beijing,9/11/12,93,PM10
Beijing,9/10/12,96,PM10
Beijing,9/9/12,79,PM10
Beijing,9/8/12,40,0
Beijing,9/7/12,77,PM10
Beijing,9/6/12,70,PM10
Beijing,9/5/12,50,0
Beijing,9/4/12,22,0
Beijing,9/3/12,15,0
Beijing,9/2/12,52,PM10
Beijing,9/1/12,128,PM10
Beijing,8/31/12,150,PM10
Beijing,8/30/12,135,PM10
Beijing,8/29/12,84,PM10
Beijing,8/28/12,59,PM10
Beijing,8/27/12,100,PM10
Beijing,8/26/12,117,PM10
Beijing,8/25/12,92,PM10
Beijing,8/24/12,94,PM10
Beijing,8/23/12,74,PM10
Beijing,8/22/12,40,0
Beijing,8/21/12,25,0
Beijing,8/20/12,92,PM10
Beijing,8/19/12,84,PM10
Beijing,8/18/12,110,PM10
Beijing,8/17/12,83,PM10
Beijing,8/16/12,68,PM10
Beijing,8/15/12,60,PM10
Beijing,8/14/12,62,PM10
Beijing,8/13/12,36,0
Beijing,8/12/12,41,0
Beijing,8/11/12,80,PM10
Beijing,8/10/12,72,PM10
Beijing,8/9/12,43,0
Beijing,8/8/12,68,PM10
Beijing,8/7/12,59,PM10
Beijing,8/6/12,60,PM10
Beijing,8/5/12,48,0
Beijing,8/4/12,40,0
Beijing,8/3/12,53,PM10
Beijing,8/2/12,17,0
Beijing,8/1/12,20,0
Beijing,7/31/12,28,0
Beijing,7/30/12,30,0
Beijing,7/29/12,57,PM10
Beijing,7/28/12,56,PM10
Beijing,7/27/12,50,0
Beijing,7/26/12,55,PM10
Beijing,7/26/12,55,PM10
Beijing,7/25/12,72,PM10
Beijing,7/24/12,60,PM10
Beijing,7/23/12,26,0
Beijing,7/22/12,15,0
Beijing,7/21/12,131,PM10
Beijing,7/20/12,111,PM10
Beijing,7/19/12,82,PM10
Beijing,7/18/12,71,PM10
Beijing,7/17/12,78,PM10
Beijing,7/16/12,70,PM10
Beijing,7/15/12,53,PM10
Beijing,7/14/12,48,0
Beijing,7/13/12,31,0
Beijing,7/12/12,46,0
Beijing,7/11/12,44,0
Beijing,7/10/12,50,0
Beijing,7/9/12,64,PM10
Beijing,7/8/12,84,PM10
Beijing,7/7/12,86,PM10
Beijing,7/6/12,59,PM10
Beijing,7/5/12,70,PM10
Beijing,7/4/12,71,PM10
Beijing,7/3/12,59,PM10
Beijing,7/2/12,69,PM10
Beijing,7/1/12,70,PM10
Beijing,6/30/12,46,0
Beijing,6/29/12,60,PM10
Beijing,6/28/12,54,PM10
Beijing,6/27/12,55,PM10
Beijing,6/26/12,65,PM10
Beijing,6/25/12,49,0
Beijing,6/24/12,95,PM10
Beijing,6/23/12,81,PM10
Beijing,6/22/12,84,PM10
Beijing,6/21/12,112,PM10
Beijing,6/20/12,105,PM10
Beijing,6/19/12,132,PM10
Beijing,6/18/12,137,PM10
Beijing,6/17/12,69,PM10
Beijing,6/16/12,33,0
Beijing,6/15/12,22,0
Beijing,6/14/12,50,0
Beijing,6/13/12,62,PM10
Beijing,6/12/12,58,PM10
Beijing,6/11/12,50,0
Beijing,6/10/12,32,0
Beijing,6/9/12,91,PM10
Beijing,6/8/12,77,PM10
Beijing,6/7/12,71,PM10
Beijing,6/6/12,98,PM10
Beijing,6/5/12,65,PM10
Beijing,6/4/12,80,PM10
Beijing,6/3/12,112,PM10
Beijing,6/2/12,90,PM10
Beijing,6/1/12,54,PM10
Beijing,5/31/12,64,PM10
Beijing,5/30/12,29,0
Beijing,5/29/12,116,PM10
Beijing,5/28/12,133,PM10
Beijing,5/27/12,88,PM10
Beijing,5/26/12,90,PM10
Beijing,5/25/12,63,PM10
Beijing,5/24/12,69,PM10
Beijing,5/23/12,64,PM10
Beijing,5/22/12,109,PM10
Beijing,5/21/12,97,PM10
Beijing,5/20/12,85,PM10
Beijing,5/19/12,143,PM10
Beijing,5/18/12,84,PM10
Beijing,5/17/12,78,PM10
Beijing,5/16/12,58,PM10
Beijing,5/15/12,58,PM10
Beijing,5/14/12,64,PM10
Beijing,5/13/12,96,PM10
Beijing,5/12/12,90,PM10
Beijing,5/11/12,133,PM10
Beijing,5/10/12,129,PM10
Beijing,5/9/12,107,PM10
Beijing,5/8/12,111,PM10
Beijing,5/7/12,100,PM10
Beijing,5/6/12,100,PM10
Beijing,5/5/12,99,PM10
Beijing,5/4/12,100,PM10
Beijing,5/3/12,106,PM10
Beijing,5/2/12,111,PM10
Beijing,5/1/12,208,PM10
Beijing,4/30/12,268,PM10
Beijing,4/29/12,473,PM10
Beijing,4/28/12,164,PM10
Beijing,4/27/12,147,PM10
Beijing,4/26/12,60,PM10
Beijing,4/25/12,32,0
Beijing,4/24/12,133,PM10
Beijing,4/23/12,140,PM10
Beijing,4/22/12,102,PM10
Beijing,4/21/12,81,PM10
Beijing,4/20/12,133,PM10
Beijing,4/19/12,98,PM10
Beijing,4/18/12,140,PM10
Beijing,4/17/12,100,PM10
Beijing,4/16/12,84,PM10
Beijing,4/15/12,109,PM10
Beijing,4/14/12,100,PM10
Beijing,4/13/12,81,PM10
Beijing,4/12/12,69,PM10
Beijing,4/11/12,41,0
Beijing,4/10/12,138,PM10
Beijing,4/9/12,118,PM10
Beijing,4/8/12,119,PM10
Beijing,4/7/12,71,PM10
Beijing,4/6/12,70,PM10
Beijing,4/5/12,64,PM10
Beijing,4/4/12,73,PM10
Beijing,4/3/12,73,PM10
Beijing,4/2/12,103,PM10
Beijing,4/1/12,78,PM10
Beijing,3/31/12,159,PM10
Beijing,3/30/12,76,PM10
Beijing,3/29/12,90,PM10
Beijing,3/28/12,65,PM10
Beijing,3/27/12,112,PM10
Beijing,3/26/12,90,PM10
Beijing,3/25/12,30,0
Beijing,3/24/12,56,PM10
Beijing,3/23/12,55,PM10
Beijing,3/22/12,146,PM10
Beijing,3/21/12,105,PM10
Beijing,3/20/12,81,PM10
Beijing,3/19/12,57,PM10
Beijing,3/18/12,61,PM10
Beijing,3/17/12,144,PM10
Beijing,3/16/12,109,PM10
Beijing,3/15/12,64,PM10
Beijing,3/14/12,57,PM10
Beijing,3/13/12,104,PM10
Beijing,3/12/12,62,PM10
Beijing,3/11/12,36,0
Beijing,3/10/12,78,PM10
Beijing,3/9/12,65,PM10
Beijing,3/8/12,31,0
Beijing,3/7/12,38,0
Beijing,3/6/12,63,PM10
Beijing,3/5/12,97,PM10
Beijing,3/4/12,90,PM10
Beijing,3/3/12,68,PM10
Beijing,3/2/12,111,PM10
Beijing,3/1/12,142,PM10
Beijing,2/29/12,118,PM10
Beijing,2/28/12,152,PM10
Beijing,2/27/12,95,PM10
Beijing,2/26/12,57,PM10
Beijing,2/25/12,57,PM10
Beijing,2/24/12,73,PM10
Beijing,2/23/12,73,PM10
Beijing,2/22/12,118,PM10
Beijing,2/21/12,118,PM10
Beijing,2/20/12,73,PM10
Beijing,2/19/12,68,PM10
Beijing,2/18/12,29,0
Beijing,2/17/12,34,0
Beijing,2/16/12,61,PM10
Beijing,2/15/12,62,PM10
Beijing,2/14/12,125,PM10
Beijing,2/13/12,100,PM10
Beijing,2/12/12,75,PM10
Beijing,2/11/12,73,PM10
Beijing,2/10/12,49,0
Beijing,2/9/12,58,PM10
Beijing,2/8/12,34,0
Beijing,2/7/12,64,PM10
Beijing,2/6/12,112,PM10
Beijing,2/5/12,84,PM10
Beijing,2/4/12,52,PM10
Beijing,2/3/12,60,SO2
Beijing,2/2/12,26,0
Beijing,2/1/12,30,0
Beijing,1/31/12,92,PM10
Beijing,1/30/12,66,PM10
Beijing,1/29/12,62,PM10
Beijing,1/28/12,74,PM10
Beijing,1/27/12,67,PM10
Beijing,1/26/12,78,PM10
Beijing,1/25/12,45,0
Beijing,1/24/12,49,0
Beijing,1/23/12,149,PM10
Beijing,1/22/12,23,0
Beijing,1/21/12,21,0
Beijing,1/20/12,131,PM10
Beijing,1/19/12,269,PM10
Beijing,1/18/12,193,PM10
Beijing,1/17/12,111,PM10
Beijing,1/16/12,106,PM10
Beijing,1/15/12,70,PM10
Beijing,1/14/12,60,PM10
Beijing,1/13/12,79,PM10
Beijing,1/12/12,86,PM10
Beijing,1/11/12,25,0
Beijing,1/10/12,161,PM10
Beijing,1/9/12,102,PM10
Beijing,1/8/12,89,PM10
Beijing,1/7/12,65,PM10
Beijing,1/6/12,95,PM10
Beijing,1/5/12,63,PM10
Beijing,1/4/12,30,0
Beijing,1/3/12,35,0
Beijing,1/2/12,74,PM10
Beijing,1/1/12,81,PM10
Beijing,12/31/11,109,PM10
Beijing,12/30/11,75,PM10
Beijing,12/29/11,81,PM10
Beijing,12/28/11,114,PM10
Beijing,12/27/11,100,PM10
Beijing,12/26/11,69,PM10
Beijing,12/25/11,59,PM10
Beijing,12/24/11,27,0
Beijing,12/23/11,61,PM10
Beijing,12/22/11,31,0
Beijing,12/21/11,67,PM10
Beijing,12/20/11,70,PM10
Beijing,12/19/11,53,PM10
Beijing,12/18/11,63,PM10
Beijing,12/17/11,63,PM10
Beijing,12/16/11,27,0
Beijing,12/15/11,19,0
Beijing,12/14/11,84,PM10
Beijing,12/13/11,76,PM10
Beijing,12/12/11,56,PM10
Beijing,12/11/11,77,PM10
Beijing,12/10/11,23,0
Beijing,12/9/11,19,0
Beijing,12/8/11,17,0
Beijing,12/7/11,111,PM10
Beijing,12/6/11,131,PM10
Beijing,12/5/11,193,PM10
Beijing,12/4/11,80,PM10
Beijing,12/3/11,97,PM10
Beijing,12/2/11,144,PM10
Beijing,12/1/11,71,PM10
Beijing,11/30/11,81,PM10
Beijing,11/29/11,66,PM10
Beijing,11/28/11,109,PM10
Beijing,11/27/11,135,PM10
Beijing,11/26/11,142,PM10
Beijing,11/25/11,120,PM10
Beijing,11/24/11,68,PM10
Beijing,11/23/11,40,0
Beijing,11/22/11,131,PM10
Beijing,11/21/11,80,PM10
Beijing,11/20/11,27,0
Beijing,11/19/11,36,0
Beijing,11/18/11,62,PM10
Beijing,11/17/11,97,PM10
Beijing,11/16/11,128,PM10
Beijing,11/15/11,124,PM10
Beijing,11/14/11,73,PM10
Beijing,11/13/11,65,PM10
Beijing,11/12/11,99,PM10
Beijing,11/11/11,84,PM10
Beijing,11/10/11,60,PM10
Beijing,11/9/11,49,0
Beijing,11/8/11,73,PM10
Beijing,11/7/11,63,PM10
Beijing,11/6/11,52,PM10
Beijing,11/5/11,60,PM10
Beijing,11/4/11,82,PM10
Beijing,11/3/11,68,PM10
Beijing,11/2/11,53,PM10
Beijing,11/1/11,128,PM10
Beijing,10/31/11,131,PM10
Beijing,10/30/11,147,PM10
Beijing,10/29/11,97,PM10
Beijing,10/27/11,129,PM10
Beijing,10/26/11,78,PM10
Beijing,10/25/11,28,0
Beijing,10/24/11,19,0
Beijing,10/23/11,155,PM10
Beijing,10/22/11,139,PM10
Beijing,10/21/11,146,PM10
Beijing,10/20/11,149,PM10
Beijing,10/19/11,87,PM10
Beijing,10/18/11,72,PM10
Beijing,10/17/11,35,0
Beijing,10/16/11,31,0
Beijing,10/15/11,33,0
Beijing,10/14/11,32,0
Beijing,10/13/11,98,PM10
Beijing,10/12/11,130,PM10
Beijing,10/11/11,87,PM10
Beijing,10/10/11,137,PM10
Beijing,10/9/11,159,PM10
Beijing,10/8/11,106,PM10
Beijing,10/7/11,84,PM10
Beijing,10/6/11,61,PM10
Beijing,10/5/11,157,PM10
Beijing,10/4/11,79,PM10
Beijing,10/3/11,47,0
Beijing,10/2/11,33,0
Beijing,10/1/11,56,PM10
Beijing,9/30/11,30,0
Beijing,9/29/11,94,PM10
Beijing,9/28/11,128,PM10
Beijing,9/27/11,121,PM10
Beijing,9/26/11,160,PM10
Beijing,9/25/11,125,PM10
Beijing,9/24/11,96,PM10
Beijing,9/23/11,73,PM10
Beijing,9/22/11,58,PM10
Beijing,9/21/11,52,PM10
Beijing,9/20/11,50,0
Beijing,9/19/11,45,0
Beijing,9/18/11,35,0
Beijing,9/17/11,22,0
Beijing,9/16/11,52,PM10
Beijing,9/15/11,93,PM10
Beijing,9/14/11,87,PM10
Beijing,9/13/11,81,PM10
Beijing,9/12/11,61,PM10
Beijing,9/11/11,24,0
Beijing,9/10/11,35,0
Beijing,9/9/11,39,0
Beijing,9/8/11,48,0
Beijing,9/7/11,126,PM10
Beijing,9/6/11,76,PM10
Beijing,9/5/11,76,PM10
Beijing,9/4/11,77,PM10
Beijing,9/3/11,69,PM10
Beijing,9/2/11,54,PM10
Beijing,9/1/11,89,PM10
Beijing,8/31/11,117,PM10
Beijing,8/30/11,99,PM10
Beijing,8/29/11,80,PM10
Beijing,8/28/11,65,PM10
Beijing,8/27/11,63,PM10
Beijing,8/26/11,61,PM10
Beijing,8/25/11,80,PM10
Beijing,8/24/11,95,PM10
Beijing,8/23/11,88,PM10
Beijing,8/22/11,78,PM10
Beijing,8/21/11,80,PM10
Beijing,8/20/11,72,PM10
Beijing,8/19/11,65,PM10
Beijing,8/18/11,28,0
Beijing,8/17/11,58,PM10
Beijing,8/16/11,29,0
Beijing,8/15/11,73,PM10
Beijing,8/14/11,78,PM10
Beijing,8/13/11,93,PM10
Beijing,8/12/11,90,PM10
Beijing,8/11/11,68,PM10
Beijing,8/10/11,58,PM10
Beijing,8/9/11,108,PM10
Beijing,8/8/11,77,PM10
Beijing,8/7/11,74,PM10
Beijing,8/6/11,91,PM10
Beijing,8/5/11,98,PM10
Beijing,8/4/11,82,PM10
Beijing,8/3/11,69,PM10
Beijing,8/2/11,94,PM10
Beijing,8/1/11,78,PM10
Beijing,7/31/11,54,PM10
Beijing,7/30/11,21,0
Beijing,7/29/11,113,PM10
Beijing,7/28/11,92,PM10
Beijing,7/27/11,52,PM10
Beijing,7/26/11,28,0
Beijing,7/25/11,19,0
Beijing,7/24/11,159,PM10
Beijing,7/23/11,148,PM10
Beijing,7/22/11,71,PM10
Beijing,7/21/11,53,PM10
Beijing,7/20/11,42,0
Beijing,7/19/11,83,PM10
Beijing,7/18/11,65,PM10
Beijing,7/17/11,67,PM10
Beijing,7/16/11,65,PM10
Beijing,7/15/11,65,PM10
Beijing,7/14/11,83,PM10
Beijing,7/13/11,83,PM10
Beijing,7/12/11,88,PM10
Beijing,7/11/11,112,PM10
Beijing,7/10/11,75,PM10
Beijing,7/9/11,37,0
Beijing,7/8/11,42,0
Beijing,7/7/11,73,PM10
Beijing,7/6/11,115,PM10
Beijing,7/5/11,80,PM10
Beijing,7/4/11,55,PM10
Beijing,7/3/11,71,PM10
Beijing,7/2/11,71,PM10
Beijing,7/1/11,94,PM10
Beijing,6/30/11,99,PM10
Beijing,6/29/11,129,PM10
Beijing,6/28/11,90,PM10
Beijing,6/27/11,56,PM10
Beijing,6/26/11,57,PM10
Beijing,6/25/11,38,0
Beijing,6/24/11,24,0
Beijing,6/23/11,123,PM10
Beijing,6/22/11,128,PM10
Beijing,6/21/11,130,PM10
Beijing,6/20/11,122,PM10
Beijing,6/19/11,119,PM10
Beijing,6/18/11,97,PM10
Beijing,6/17/11,81,PM10
Beijing,6/16/11,77,PM10
Beijing,6/15/11,107,PM10
Beijing,6/14/11,99,PM10
Beijing,6/13/11,71,PM10
Beijing,6/12/11,28,0
Beijing,6/11/11,75,PM10
Beijing,6/10/11,105,PM10
Beijing,6/9/11,81,PM10
Beijing,6/8/11,51,PM10
Beijing,6/7/11,98,PM10
Beijing,6/6/11,83,PM10
Beijing,6/5/11,79,PM10
Beijing,6/4/11,66,PM10
Beijing,6/3/11,75,PM10
Beijing,6/2/11,75,PM10
Beijing,6/1/11,28,0
Beijing,5/31/11,47,0
Beijing,5/30/11,75,PM10
Beijing,5/29/11,98,PM10
Beijing,5/28/11,102,PM10
Beijing,5/27/11,65,PM10
Beijing,5/26/11,86,PM10
Beijing,5/25/11,75,PM10
Beijing,5/24/11,94,PM10
Beijing,5/23/11,98,PM10
Beijing,5/22/11,83,PM10
Beijing,5/21/11,54,PM10
Beijing,5/20/11,59,PM10
Beijing,5/19/11,64,PM10
Beijing,5/18/11,155,PM10
Beijing,5/17/11,91,PM10
Beijing,5/16/11,90,PM10
Beijing,5/15/11,76,PM10
Beijing,5/14/11,70,PM10
Beijing,5/13/11,52,PM10
Beijing,5/12/11,197,PM10
Beijing,5/11/11,80,PM10
Beijing,5/10/11,50,0
Beijing,5/9/11,53,PM10
Beijing,5/8/11,74,PM10
Beijing,5/7/11,57,PM10
Beijing,5/6/11,99,PM10
Beijing,5/5/11,87,PM10
Beijing,5/4/11,79,PM10
Beijing,5/3/11,60,PM10
Beijing,5/2/11,85,PM10
Beijing,5/1/11,500,PM10
Beijing,4/30/11,141,PM10
Beijing,4/29/11,119,PM10
Beijing,4/28/11,76,PM10
Beijing,4/27/11,60,PM10
Beijing,4/26/11,111,PM10
Beijing,4/25/11,76,PM10
Beijing,4/24/11,26,0
Beijing,4/23/11,49,0
Beijing,4/22/11,44,0
Beijing,4/21/11,154,PM10
Beijing,4/20/11,127,PM10
Beijing,4/19/11,83,PM10
Beijing,4/18/11,99,PM10
Beijing,4/17/11,164,PM10
Beijing,4/16/11,128,PM10
Beijing,4/15/11,98,PM10
Beijing,4/14/11,138,PM10
Beijing,4/13/11,157,PM10
Beijing,4/12/11,88,PM10
Beijing,4/11/11,53,PM10
Beijing,4/10/11,142,PM10
Beijing,4/9/11,108,PM10
Beijing,4/8/11,70,PM10
Beijing,4/7/11,96,PM10
Beijing,4/6/11,95,PM10
Beijing,4/5/11,88,PM10
Beijing,4/4/11,67,PM10
Beijing,4/3/11,59,PM10
Beijing,4/2/11,38,0
Beijing,4/1/11,137,PM10
Beijing,3/31/11,140,PM10
Beijing,3/30/11,98,PM10
Beijing,3/29/11,86,PM10
Beijing,3/28/11,71,PM10
Beijing,3/27/11,41,0
Beijing,3/26/11,78,PM10
Beijing,3/25/11,48,0
Beijing,3/24/11,51,PM10
Beijing,3/23/11,51,PM10
Beijing,3/22/11,67,PM10
Beijing,3/21/11,121,PM10
Beijing,3/20/11,250,PM10
Beijing,3/19/11,123,PM10
Beijing,3/18/11,161,PM10
Beijing,3/17/11,98,PM10
Beijing,3/16/11,72,PM10
Beijing,3/15/11,56,PM10
Beijing,3/14/11,54,PM10
Beijing,3/13/11,197,PM10
Beijing,3/12/11,135,PM10
Beijing,3/11/11,58,PM10
Beijing,3/10/11,64,PM10
Beijing,3/9/11,33,0
Beijing,3/8/11,41,0
Beijing,3/7/11,26,0
Beijing,3/6/11,65,PM10
Beijing,3/5/11,77,PM10
Beijing,3/4/11,59,PM10
Beijing,3/3/11,34,0
Beijing,3/2/11,33,0
Beijing,3/1/11,21,0
Beijing,2/28/11,30,0
Beijing,2/27/11,60,PM10
Beijing,2/26/11,56,PM10
Beijing,2/25/11,56,PM10
Beijing,2/24/11,159,PM10
Beijing,2/23/11,208,PM10
Beijing,2/22/11,270,PM10
Beijing,2/21/11,333,PM10
Beijing,2/20/11,100,PM10
Beijing,2/19/11,112,PM10
Beijing,2/18/11,115,PM10
Beijing,2/17/11,132,PM10
Beijing,2/16/11,146,PM10
Beijing,2/15/11,74,PM10
Beijing,2/14/11,41,0
Beijing,2/13/11,53,PM10
Beijing,2/12/11,21,0
Beijing,2/11/11,58,PM10
Beijing,2/10/11,58,PM10
Beijing,2/9/11,83,PM10
Beijing,2/8/11,120,PM10
Beijing,2/7/11,77,PM10
Beijing,2/6/11,84,PM10
Beijing,2/5/11,75,PM10
Beijing,2/4/11,111,PM10
Beijing,2/3/11,83,PM10
Beijing,2/2/11,58,SO2
Beijing,2/1/11,53,PM10
Beijing,1/31/11,48,0
Beijing,1/30/11,25,0
Beijing,1/29/11,30,0
Beijing,1/28/11,41,0
Beijing,1/27/11,59,PM10
Beijing,1/26/11,41,0
Beijing,1/25/11,61,PM10
Beijing,1/24/11,35,0
Beijing,1/23/11,50,0
Beijing,1/22/11,76,PM10
Beijing,1/21/11,61,PM10
Beijing,1/20/11,36,0
Beijing,1/19/11,39,0
Beijing,1/18/11,30,0
Beijing,1/17/11,62,PM10
Beijing,1/16/11,35,0
Beijing,1/15/11,42,0
Beijing,1/14/11,73,PM10
Beijing,1/13/11,90,PM10
Beijing,1/12/11,49,0
Beijing,1/11/11,67,PM10
Beijing,1/10/11,34,0
Beijing,1/9/11,35,0
Beijing,1/8/11,78,PM10
Beijing,1/7/11,36,0
Beijing,1/6/11,35,0
Beijing,1/5/11,55,PM10
Beijing,1/4/11,96,PM10
Beijing,1/3/11,82,PM10
Beijing,1/2/11,41,0
Beijing,1/1/11,34,0
Beijing,12/31/10,47,0
Beijing,12/30/10,67,PM10
Beijing,12/29/10,63,PM10
Beijing,12/28/10,70,PM10
Beijing,12/27/10,82,PM10
Beijing,12/26/10,66,PM10
Beijing,12/25/10,57,PM10
Beijing,12/24/10,40,0
Beijing,12/23/10,30,0
Beijing,12/22/10,222,PM10
Beijing,12/21/10,165,PM10
Beijing,12/20/10,100,PM10
Beijing,12/19/10,182,PM10
Beijing,12/18/10,156,PM10
Beijing,12/17/10,105,PM10
Beijing,12/16/10,92,PM10
Beijing,12/15/10,53,PM10
Beijing,12/14/10,31,0
Beijing,12/13/10,72,PM10
Beijing,12/12/10,85,PM10
Beijing,12/11/10,50,0
Beijing,12/10/10,176,PM10
Beijing,12/9/10,97,PM10
Beijing,12/8/10,81,PM10
Beijing,12/7/10,65,PM10
Beijing,12/6/10,37,0
Beijing,12/5/10,125,PM10
Beijing,12/4/10,97,PM10
Beijing,12/3/10,52,PM10
Beijing,12/2/10,199,PM10
Beijing,12/1/10,177,PM10
Beijing,11/30/10,132,PM10
Beijing,11/29/10,143,PM10
Beijing,11/28/10,72,PM10
Beijing,11/27/10,130,PM10
Beijing,11/26/10,88,PM10
Beijing,11/25/10,42,0
Beijing,11/24/10,141,PM10
Beijing,11/23/10,100,PM10
Beijing,11/22/10,37,0
Beijing,11/21/10,192,PM10
Beijing,11/20/10,165,PM10
Beijing,11/19/10,313,PM10
Beijing,11/18/10,243,PM10
Beijing,11/17/10,122,PM10
Beijing,11/16/10,96,PM10
Beijing,11/15/10,34,0
Beijing,11/14/10,39,0
Beijing,11/13/10,66,PM10
Beijing,11/12/10,51,PM10
Beijing,11/11/10,139,PM10
Beijing,11/10/10,85,PM10
Beijing,11/9/10,34,0
Beijing,11/8/10,34,0
Beijing,11/7/10,142,PM10
Beijing,11/6/10,107,PM10
Beijing,11/5/10,86,PM10
Beijing,11/4/10,81,PM10
Beijing,11/3/10,86,PM10
Beijing,11/2/10,36,0
Beijing,11/1/10,65,PM10
Beijing,10/31/10,70,PM10
Beijing,10/30/10,62,PM10
Beijing,10/29/10,67,PM10
Beijing,10/28/10,92,PM10
Beijing,10/27/10,63,PM10
Beijing,10/26/10,15,0
Beijing,10/25/10,17,0
Beijing,10/24/10,96,PM10
Beijing,10/23/10,103,PM10
Beijing,10/22/10,95,PM10
Beijing,10/21/10,83,PM10
Beijing,10/20/10,66,PM10
Beijing,10/19/10,50,0
Beijing,10/18/10,80,PM10
Beijing,10/17/10,65,PM10
Beijing,10/16/10,80,PM10
Beijing,10/15/10,30,0
Beijing,10/14/10,58,PM10
Beijing,10/13/10,65,PM10
Beijing,10/12/10,27,0
Beijing,10/11/10,70,PM10
Beijing,10/10/10,202,PM10
Beijing,10/9/10,177,PM10
Beijing,10/8/10,192,PM10
Beijing,10/7/10,186,PM10
Beijing,10/6/10,95,PM10
Beijing,10/5/10,63,PM10
Beijing,10/4/10,36,0
Beijing,10/3/10,17,0
Beijing,10/2/10,88,PM10
Beijing,10/1/10,125,PM10
Beijing,9/30/10,92,PM10
Beijing,9/29/10,65,PM10
Beijing,9/28/10,32,0
Beijing,9/27/10,57,PM10
Beijing,9/26/10,84,PM10
Beijing,9/25/10,93,PM10
Beijing,9/24/10,72,PM10
Beijing,9/23/10,52,PM10
Beijing,9/22/10,24,0
Beijing,9/21/10,23,0
Beijing,9/20/10,60,PM10
Beijing,9/19/10,50,0
Beijing,9/18/10,19,0
Beijing,9/17/10,62,PM10
Beijing,9/16/10,122,PM10
Beijing,9/15/10,134,PM10
Beijing,9/14/10,97,PM10
Beijing,9/13/10,84,PM10
Beijing,9/12/10,67,PM10
Beijing,9/11/10,49,0
Beijing,9/10/10,75,PM10
Beijing,9/9/10,89,PM10
Beijing,9/8/10,67,PM10
Beijing,9/7/10,95,PM10
Beijing,9/6/10,87,PM10
Beijing,9/5/10,80,PM10
Beijing,9/4/10,64,PM10
Beijing,9/3/10,73,PM10
Beijing,9/2/10,54,PM10
Beijing,9/1/10,67,PM10
Beijing,8/31/10,78,PM10
Beijing,8/30/10,79,PM10
Beijing,8/29/10,76,PM10
Beijing,8/28/10,55,PM10
Beijing,8/27/10,52,PM10
Beijing,8/26/10,66,PM10
Beijing,8/25/10,65,PM10
Beijing,8/24/10,87,PM10
Beijing,8/23/10,54,PM10
Beijing,8/22/10,23,0
Beijing,8/21/10,56,PM10
Beijing,8/20/10,76,PM10
Beijing,8/19/10,73,PM10
Beijing,8/18/10,137,PM10
Beijing,8/17/10,94,PM10
Beijing,8/16/10,66,PM10
Beijing,8/15/10,57,PM10
Beijing,8/14/10,84,PM10
Beijing,8/13/10,83,PM10
Beijing,8/13/10,83,PM10
Beijing,8/12/10,64,PM10
Beijing,8/11/10,94,PM10
Beijing,8/10/10,90,PM10
Beijing,8/9/10,94,PM10
Beijing,8/8/10,57,PM10
Beijing,8/7/10,71,PM10
Beijing,8/6/10,31,0
Beijing,8/5/10,26,0
Beijing,8/4/10,98,PM10
Beijing,8/3/10,83,PM10
Beijing,8/2/10,68,PM10
Beijing,8/1/10,48,0
Beijing,7/31/10,92,PM10
Beijing,7/30/10,113,PM10
Beijing,7/29/10,119,PM10
Beijing,7/28/10,100,PM10
Beijing,7/27/10,139,PM10
Beijing,7/26/10,121,PM10
Beijing,7/25/10,100,PM10
Beijing,7/24/10,88,PM10
Beijing,7/23/10,123,PM10
Beijing,7/22/10,90,PM10
Beijing,7/21/10,63,PM10
Beijing,7/20/10,36,0
Beijing,7/19/10,121,PM10
Beijing,7/18/10,87,PM10
Beijing,7/17/10,84,PM10
Beijing,7/16/10,115,PM10
Beijing,7/15/10,89,PM10
Beijing,7/14/10,78,PM10
Beijing,7/13/10,84,PM10
Beijing,7/12/10,73,PM10
Beijing,7/11/10,68,PM10
Beijing,7/10/10,59,PM10
Beijing,7/9/10,74,PM10
Beijing,7/8/10,80,PM10
Beijing,7/7/10,73,PM10
Beijing,7/6/10,54,PM10
Beijing,7/5/10,66,PM10
Beijing,7/4/10,86,PM10
Beijing,7/3/10,63,PM10
Beijing,7/2/10,40,0
Beijing,7/1/10,118,PM10
Beijing,6/30/10,100,PM10
Beijing,6/29/10,123,PM10
Beijing,6/28/10,94,PM10
Beijing,6/27/10,93,PM10
Beijing,6/26/10,112,PM10
Beijing,6/25/10,99,PM10
Beijing,6/24/10,83,PM10
Beijing,6/23/10,77,PM10
Beijing,6/22/10,94,PM10
Beijing,6/21/10,71,PM10
Beijing,6/20/10,71,PM10
Beijing,6/19/10,77,PM10
Beijing,6/18/10,47,0
Beijing,6/17/10,56,PM10
Beijing,6/16/10,77,PM10
Beijing,6/15/10,95,PM10
Beijing,6/14/10,66,PM10
Beijing,6/13/10,82,PM10
Beijing,6/12/10,81,PM10
Beijing,6/11/10,58,PM10
Beijing,6/10/10,64,PM10
Beijing,6/9/10,86,PM10
Beijing,6/8/10,98,PM10
Beijing,6/7/10,118,PM10
Beijing,6/6/10,114,PM10
Beijing,6/5/10,96,PM10
Beijing,6/4/10,88,PM10
Beijing,6/3/10,83,PM10
Beijing,6/2/10,68,PM10
Beijing,6/1/10,69,PM10
Beijing,5/31/10,58,PM10
Beijing,5/30/10,39,0
Beijing,5/29/10,84,PM10
Beijing,5/28/10,63,PM10
Beijing,5/27/10,82,PM10
Beijing,5/26/10,76,PM10
Beijing,5/25/10,46,0
Beijing,5/24/10,91,PM10
Beijing,5/23/10,122,PM10
Beijing,5/22/10,127,PM10
Beijing,5/20/10,75,PM10
Beijing,5/19/10,61,PM10
Beijing,5/18/10,53,PM10
Beijing,5/17/10,52,PM10
Beijing,5/16/10,121,PM10
Beijing,5/15/10,133,PM10
Beijing,5/14/10,95,PM10
Beijing,5/13/10,78,PM10
Beijing,5/12/10,59,PM10
Beijing,5/11/10,58,PM10
Beijing,5/10/10,146,PM10
Beijing,5/9/10,144,PM10
Beijing,5/8/10,145,PM10
Beijing,5/7/10,86,PM10
Beijing,5/6/10,17,0
Beijing,5/5/10,119,PM10
Beijing,5/4/10,149,PM10
Beijing,5/3/10,97,PM10
Beijing,5/2/10,116,PM10
Beijing,5/1/10,90,PM10
Beijing,4/30/10,54,PM10
Beijing,4/29/10,46,0
Beijing,4/28/10,52,PM10
Beijing,4/27/10,50,0
Beijing,4/26/10,45,0
Beijing,4/25/10,100,PM10
Beijing,4/24/10,72,PM10
Beijing,4/23/10,40,0
Beijing,4/22/10,31,0
Beijing,4/21/10,60,PM10
Beijing,4/20/10,74,PM10
Beijing,4/19/10,150,PM10
Beijing,4/18/10,109,PM10
Beijing,4/17/10,94,PM10
Beijing,4/16/10,147,PM10
Beijing,4/15/10,93,PM10
Beijing,4/14/10,59,PM10
Beijing,4/13/10,61,PM10
Beijing,4/12/10,66,PM10
Beijing,4/11/10,77,PM10
Beijing,4/10/10,69,PM10
Beijing,4/9/10,163,PM10
Beijing,4/8/10,147,PM10
Beijing,4/7/10,77,PM10
Beijing,4/6/10,56,PM10
Beijing,4/5/10,125,PM10
Beijing,4/4/10,147,PM10
Beijing,4/3/10,73,PM10
Beijing,4/2/10,63,PM10
Beijing,4/1/10,99,PM10
Beijing,3/31/10,94,PM10
Beijing,3/30/10,159,PM10
Beijing,3/29/10,100,PM10
Beijing,3/28/10,82,PM10
Beijing,3/27/10,110,PM10
Beijing,3/26/10,83,PM10
Beijing,3/25/10,60,PM10
Beijing,3/24/10,92,PM10
Beijing,3/23/10,157,PM10
Beijing,3/22/10,245,PM10
Beijing,3/21/10,136,PM10
Beijing,3/20/10,500,PM10
Beijing,3/19/10,145,PM10
Beijing,3/18/10,76,PM10
Beijing,3/17/10,66,PM10
Beijing,3/16/10,77,PM10
Beijing,3/14/10,90,PM10
Beijing,3/13/10,76,PM10
Beijing,3/12/10,98,PM10
Beijing,3/11/10,89,PM10
Beijing,3/10/10,56,PM10
Beijing,3/9/10,25,0
Beijing,3/8/10,68,PM10
Beijing,3/7/10,71,PM10
Beijing,3/6/10,27,0
Beijing,3/5/10,97,PM10
Beijing,3/4/10,140,PM10
Beijing,3/3/10,113,PM10
Beijing,3/2/10,72,PM10
Beijing,3/1/10,56,PM10
Beijing,2/28/10,80,PM10
Beijing,2/27/10,65,PM10
Beijing,2/26/10,76,PM10
Beijing,2/25/10,153,PM10
Beijing,2/24/10,152,PM10
Beijing,2/23/10,92,PM10
Beijing,2/22/10,82,PM10
Beijing,2/21/10,118,PM10
Beijing,2/20/10,87,PM10
Beijing,2/19/10,98,PM10
Beijing,2/18/10,58,PM10
Beijing,2/17/10,94,PM10
Beijing,2/16/10,52,PM10
Beijing,2/15/10,38,0
Beijing,2/14/10,137,PM10
Beijing,2/13/10,47,0
Beijing,2/12/10,31,0
Beijing,2/11/10,23,0
Beijing,2/10/10,50,0
Beijing,2/9/10,109,PM10
Beijing,2/8/10,87,PM10
Beijing,2/7/10,61,PM10
Beijing,2/6/10,70,PM10
Beijing,2/5/10,63,PM10
Beijing,2/4/10,54,PM10
Beijing,2/3/10,54,PM10
Beijing,2/2/10,61,PM10
Beijing,2/1/10,65,PM10
Beijing,1/31/10,56,PM10
Beijing,1/30/10,58,PM10
Beijing,1/29/10,43,0
Beijing,1/28/10,63,PM10
Beijing,1/27/10,128,PM10
Beijing,1/26/10,76,PM10
Beijing,1/25/10,99,PM10
Beijing,1/24/10,66,PM10
Beijing,1/23/10,78,PM10
Beijing,1/22/10,57,PM10
Beijing,1/21/10,24,0
Beijing,1/20/10,140,PM10
Beijing,1/19/10,183,PM10
Beijing,1/18/10,143,PM10
Beijing,1/17/10,124,PM10
Beijing,1/16/10,85,PM10
Beijing,1/15/10,58,PM10
Beijing,1/14/10,76,PM10
Beijing,1/13/10,54,PM10
Beijing,1/12/10,30,0
Beijing,1/11/10,52,PM10
Beijing,1/10/10,60,SO2
Beijing,1/9/10,100,PM10
Beijing,1/8/10,80,SO2
Beijing,1/7/10,64,SO2
Beijing,1/6/10,59,SO2
Beijing,1/5/10,47,0
Beijing,1/4/10,49,0
Beijing,1/3/10,90,PM10
Beijing,1/2/10,105,PM10
Beijing,1/1/10,91,PM10
